vendor,title,subsub,extraction,drying,price,size,thc_min,thc_max,cbd_max,plant_type,terpenes,lp,province,availability,assortment,available,handle,url
(GAS),Golden Guava 510 Live Diamond Cartridge,Live Cartridges,Butane,Fresh Frozen,34.95,1g,93.000000,99.000000,1.000000,Sativa Dominant,Caryophyllene,Vortex Cannabis Inc,Quebec,in-store,Wholesale Only,False,golden-guava-510-live-diamond-cartridge-gas-golden-guava,https://ocs.ca/products/golden-guava-510-live-diamond-cartridge-gas-golden-guava
(GAS),Strawberry Lemonade 510 Live Diamond Cartridge,Live Cartridges,Butane,Fresh Frozen,34.95,1g,93.000000,99.000000,1.000000,Sativa Dominant,Caryophyllene,Vortex Cannabis Inc,Quebec,in-store,Wholesale Only,False,strawberry-lemonade-510-live-diamond-cartridge,https://ocs.ca/products/strawberry-lemonade-510-live-diamond-cartridge
(GAS),Watermelon 510 Diamond Cartridge,Live Cartridges,Hydrocarbon,Fresh Frozen,34.95,1g,93.000000,99.000000,1.000000,Indica Dominant,Caryophyllene,Vortex Cannabis Inc,Nunavut,in-store,Wholesale Only,False,watermelon-510-diamond-cartridge-gas,https://ocs.ca/products/watermelon-510-diamond-cartridge-gas
-ness,Sticky Grape 510 Thread Cartridge,Resin Cartridges,Butane,Fresh Frozen,33.00,1g,94.000000,98.000000,2.000000,Sativa Dominant,Caryophyllene,THE GREEN ORGANIC DUTCHMAN,Ontario,in-store,Wholesale Only,False,sticky-grape-510-thread-cartridge-ness-banana-og,https://ocs.ca/products/sticky-grape-510-thread-cartridge-ness-banana-og
1964,Apples & Bananas FSE Resin 510 Thread Cartridge,Resin Cartridges,,,44.95,1g,76.000000,82.000000,1.000000,Indica Dominant,Beta-Myrcene,,,online,Shared,True,apples-bananas-fse-resin-510-thread-cartridge-1964,https://ocs.ca/products/apples-bananas-fse-resin-510-thread-cartridge-1964
1964,Blue Dream FSE Resin 510 Thread Cartridge,Live Cartridges,Hydrocarbon,Hang Dry,44.95,1g,76.000000,82.000000,1.000000,Sativa Dominant,Caryophyllene,Rubicon Organics Inc,British Columbia,online,Shared,True,blue-dream-live-resin-510-thread-cartridge-1964-blueberry-haze,https://ocs.ca/products/blue-dream-live-resin-510-thread-cartridge-1964-blueberry-haze
1964,Comatose FSE Resin 510 Thread Cartridge,Live Cartridges,Hydrocarbon,Hang Dry,44.95,1g,75.000000,84.000000,1.000000,Indica Dominant,Caryophyllene,Rubicon Organics Inc,British Columbia,online,Shared,True,comatose-live-resin-510-thread-cartridge-1964-og-kush,https://ocs.ca/products/comatose-live-resin-510-thread-cartridge-1964-og-kush
1964,Lemon Diesel FSE Resin 510 Thread Cartridge,Resin Cartridges,Butane,Hang Dry,44.95,1g,74.500000,81.000000,1.000000,Sativa Dominant,Caryophyllene,Rubicon Organics Inc,Alberta,in-store,Wholesale Only,False,lemon-diesel-fse-resin-510-thread-cartridge-1964-lemon-jack-x-ny-diesel,https://ocs.ca/products/lemon-diesel-fse-resin-510-thread-cartridge-1964-lemon-jack-x-ny-diesel
1964,Stinky Pinky FSE Resin 510 Thread Cartridge,Resin Cartridges,Butane,Hang Dry,44.95,1g,76.000000,84.000000,1.000000,Indica Dominant,Beta-Myrcene,Rubicon Organics Inc,British Columbia,online,Shared,True,stinky-pinky-fse-resin-510-thread-cartridge-1964-pink-kush-pheno-tf-cut,https://ocs.ca/products/stinky-pinky-fse-resin-510-thread-cartridge-1964-pink-kush-pheno-tf-cut
3Saints,Frosted Lemons FSE Resin 510 Thread Cartridge,Resin Cartridges,Butane,Hang Dry,44.95,1g,78.000000,84.000000,0.200000,Sativa Dominant,Caryophyllene,Greentone Enterprises Inc.,Quebec,in-store,Wholesale Only,False,frosted-lemons-fse-resin-510-thread-cartridge-3saints-frosted-lemons-lemon-tree-x-sherbet,https://ocs.ca/products/frosted-lemons-fse-resin-510-thread-cartridge-3saints-frosted-lemons-lemon-tree-x-sherbet
Adults Only,Bumpin' Blue Raspberry NSFW Liquid Diamond 510 Thread,Resin Cartridges,Butane,Hang Dry,43.95,1g,94.000000,99.000000,1.000000,Sativa Dominant,Terpenes May Vary,Heritage Cannabis West Corporation,British Columbia,online,Shared,True,bumpin-blue-raspberry-nsfw-liquid-diamond-510-thread-adults-only-bumpin-blue-raspberry,https://ocs.ca/products/bumpin-blue-raspberry-nsfw-liquid-diamond-510-thread-adults-only-bumpin-blue-raspberry
Adults Only,Cheeky Cherry NSFW Liquid Diamond 510 Thread Cartridge,Live Cartridges,Hydrocarbon,Rack and Tray,43.95,1g,94.000000,99.000000,6.000000,Sativa Dominant,Carene,Heritage Cannabis West Corporation,British Columbia,online,Shared,True,cheeky-cherry-nsfw-liquid-diamond-510-thread-cartridge-adults-only-cherry-bomb,https://ocs.ca/products/cheeky-cherry-nsfw-liquid-diamond-510-thread-cartridge-adults-only-cherry-bomb
Adults Only,Crème Royale Kush NSFW Liquid Blunt Dia 510 Thread Cartridge,Live Cartridges,Butane,Rack and Tray,43.95,1g,94.000000,99.000000,1.000000,Indica Dominant,,Heritage Cannabis West Corporation,British Columbia,in-store,Wholesale Only,False,creme-royale-kush-nsfw-liquid-blunt-dia-510-thread-cartridge-adults-only-creme-royale,https://ocs.ca/products/creme-royale-kush-nsfw-liquid-blunt-dia-510-thread-cartridge-adults-only-creme-royale
Adults Only,Jungle Tongue NSFW Liquid Diamond 510 Thread Cartridge,Live Cartridges,Butane,Rack and Tray,43.95,1g,95.000000,99.000000,1.000000,Hybrid,Limonene,Heritage Cannabis West Corporation,British Columbia,in-store,Wholesale Only,False,jungle-tongue-nsfw-liquid-diamond-510-thread-cartridge-adults-only-jungle-tongue,https://ocs.ca/products/jungle-tongue-nsfw-liquid-diamond-510-thread-cartridge-adults-only-jungle-tongue
Adults Only,Lime Licker NSFW Liquid Diamond 510 Thread Cartridge,Live Cartridges,Butane,Rack and Tray,43.95,1g,95.000000,99.000000,1.000000,Hybrid,Alpha-Pinene,Heritage Cannabis West Corporation,British Columbia,in-store,Wholesale Only,False,lime-licker-nsfw-liquid-diamond-510-thread-cartridge-adults-only-lime-licker,https://ocs.ca/products/lime-licker-nsfw-liquid-diamond-510-thread-cartridge-adults-only-lime-licker
Adults Only,Missionary Mango NSFW Liquid Diamond 510 Thread Cartridge,Live Cartridges,Butane,Hang Dry,43.95,1g,94.000000,99.000000,1.000000,Indica Dominant,,Heritage Cannabis West Corporation,Ontario,online,Shared,True,missionary-mango-nsfw-liquid-diamond-510-thread-cartridge-adults-only,https://ocs.ca/products/missionary-mango-nsfw-liquid-diamond-510-thread-cartridge-adults-only
Adults Only,Naked NSFW Liquid Diamond 510 Thread Cartridge,Resin Cartridges,Butane,Rack and Tray,39.90,1g,90.000000,96.000000,1.000000,Hybrid,Terpenes May Vary,Heritage Cannabis West Corporation,British Columbia,in-store,Wholesale Only,False,naked-nsfw-liquid-diamond-510-thread-cartridge-adults-only,https://ocs.ca/products/naked-nsfw-liquid-diamond-510-thread-cartridge-adults-only
Adults Only,Naked NSFW Liquid Diamond 510 Thread Cartridge,Resin Cartridges,Butane,Rack and Tray,42.95,1g,94.000000,98.000000,1.000000,Hybrid,Terpenes May Vary,Heritage Cannabis West Corporation,British Columbia,in-store,Wholesale Only,False,naked-nsfw-liquid-diamond-510-thread-cartridge-adults-only-naked-nsfw,https://ocs.ca/products/naked-nsfw-liquid-diamond-510-thread-cartridge-adults-only-naked-nsfw
Adults Only,Promiscuous Peach NSFW Liquid Diamond 510 Thread Cartridge,Resin Cartridges,Butane,Hang Dry,43.95,1g,92.000000,98.000000,1.000000,Indica Dominant,,Heritage Cannabis West Corporation,British Columbia,in-store,Wholesale Only,False,promicuous-peach-nfsw-liquid-diamond-510-thread-cartridge-adults-only-promiscuous-peach,https://ocs.ca/products/promicuous-peach-nfsw-liquid-diamond-510-thread-cartridge-adults-only-promiscuous-peach
Adults Only,Purple Mischief NSFW Liquid Diamond Cartridge,Live Cartridges,Butane,Fresh Frozen,43.95,1g,95.000000,99.000000,1.000000,Sativa Dominant,Caryophyllene,Heritage Cannabis West Corporation,Ontario,in-store,Wholesale Only,False,purple-mischief-nsfw-liquid-diamond-cartridge-adults-only,https://ocs.ca/products/purple-mischief-nsfw-liquid-diamond-cartridge-adults-only
Adults Only,Raspberry Kush NSFW Liquid Blunt Diamond 510 Thread Cartridg,Resin Cartridges,Butane,Fresh Frozen,42.95,1g,93.000000,99.000000,1.000000,Hybrid,Geraniol,Heritage Cannabis West Corporation,Ontario,online,Shared,True,raspberry-kush-nsfw-liquid-blunt-diamond-510-thread-cartridg-adults-only,https://ocs.ca/products/raspberry-kush-nsfw-liquid-blunt-diamond-510-thread-cartridg-adults-only
Adults Only,Tropical Kush NSFW Liquid Blunt Diamond 510 Thread Cartridge,Resin Cartridges,Butane,Fresh Frozen,42.95,1g,95.000000,99.000000,1.000000,Sativa Dominant,Humulene,Heritage Cannabis West Corporation,Ontario,in-store,Wholesale Only,False,tropical-kush-nsfw-liquid-blunt-diamond-510-thread-cartridge-adults-only,https://ocs.ca/products/tropical-kush-nsfw-liquid-blunt-diamond-510-thread-cartridge-adults-only
Ambr,Papaya Pure Live Resin 510 Thread Cartridge,Live Cartridges,Ethanol,Fresh Frozen,42.95,0.95g,78.000000,84.000000,6.000000,Hybrid,Caryophyllene,Canadian Clinical Cannabinoids Inc.,Ontario,in-store,Wholesale Only,False,papaya-pure-live-resin-510-thread-cartridge-ambr-papaya,https://ocs.ca/products/papaya-pure-live-resin-510-thread-cartridge-ambr-papaya
Back Forty,Blackberry Breath Liquid Diamonds 510 Thread Cartridge,Distillate Cartridges,,,34.95,0.95g,95.000000,99.000000,0.500000,Indica Dominant,Carene,Auxly Inc.,,online,Shared,True,blackberry-breath-liquid-diamonds-510-thread-cartridge-back-forty,https://ocs.ca/products/blackberry-breath-liquid-diamonds-510-thread-cartridge-back-forty
Back Forty,Forbidden Fruit Liquid Diamonds 510 Thread Cartridge,Distillate Cartridges,Ethanol,Rack and Tray,34.95,0.95g,95.000000,99.000000,0.500000,Sativa Dominant,Alpha-Pinene,Auxly Inc.,Ontario,in-store,Wholesale Only,False,forbidden-fruit-liquid-diamonds-510-thread-cartridge-back-forty,https://ocs.ca/products/forbidden-fruit-liquid-diamonds-510-thread-cartridge-back-forty
Back Forty,Iced Grape Liquid Diamonds 510 Thread Cartridge,Distillate Cartridges,Ethanol,Rack and Tray,34.95,0.95g,92.000000,98.000000,5.000000,Sativa Dominant,,Auxly Inc.,Ontario,in-store,Wholesale Only,False,iced-grape-510-thread-cartridge-back-forty,https://ocs.ca/products/iced-grape-510-thread-cartridge-back-forty
Back Forty,Key Lime Kush Liquid Diamonds 510 Thread Cartridge,Distillate Cartridges,Ethanol,Rack and Tray,34.95,0.95g,95.000000,99.000000,0.500000,Hybrid,Alpha-Terpineol,Auxly Inc.,Ontario,in-store,Wholesale Only,False,key-lime-kush-liquid-diamonds-510-thread-cartridge-back-forty,https://ocs.ca/products/key-lime-kush-liquid-diamonds-510-thread-cartridge-back-forty
Back Forty,Kush Mint Liquid Diamonds 510 Thread Cartridge,Distillate Cartridges,CO2,,34.95,1g,92.000000,98.000000,0.500000,Hybrid,,Auxly Inc.,Prince Edward Island,online,Shared,True,kush-mint-510-thread-cartridge-back-forty,https://ocs.ca/products/kush-mint-510-thread-cartridge-back-forty
Back Forty,Strawberry Cough Liquid Diamonds 510 Thread Cartridge,Distillate Cartridges,CO2,Rack and Tray,34.95,1g,92.000000,98.000000,5.000000,Sativa Dominant,Alpha-Pinene,Auxly Inc.,Ontario,in-store,Wholesale Only,False,strawberry-cough-510-thread-cartridge-back-forty-strawberry-cough,https://ocs.ca/products/strawberry-cough-510-thread-cartridge-back-forty-strawberry-cough
Back Forty,Super Lemon Haze Liquid Diamonds 510 Thread Cartridge,Distillate Cartridges,CO2,,34.95,1g,92.000000,98.000000,0.500000,Sativa Dominant,,Auxly Inc.,Prince Edward Island,online,Shared,True,super-lemon-haze-510-thread-cartridge-back-forty,https://ocs.ca/products/super-lemon-haze-510-thread-cartridge-back-forty
BLAST,Cosmic Cotton Candy Resin Infused Cartridge,Resin Cartridges,Ethanol,,37.35,1g,80.000000,86.000000,6.000000,Hybrid,Beta-Caryophyllene,Elevate Wellness Inc.,British Columbia,in-store,Wholesale Only,False,cosmic-cotton-candy-resin-infused-cartridge-blast,https://ocs.ca/products/cosmic-cotton-candy-resin-infused-cartridge-blast
Bleuh,Balanced Live Resin 510 Thread Cartridge – Wildberry,Resin Cartridges,Butane,Fresh Frozen,44.90,1g,30.000000,35.000000,50.000000,Sativa Dominant,Caryophyllene,9861203 Canada Inc. d.b.a. BLEUH,Quebec,in-store,Wholesale Only,False,balanced-live-resin-510-thread-cartridge-wildberry-bleuh-wildberry,https://ocs.ca/products/balanced-live-resin-510-thread-cartridge-wildberry-bleuh-wildberry
Bleuh,Original Kush 510 Thread Cartridge,Resin Cartridges,Butane,Hang Dry,49.90,1g,82.000000,88.000000,1.000000,Indica Dominant,Caryophyllene,9861203 Canada Inc. d.b.a. BLEUH,Quebec,in-store,Wholesale Only,False,original-kush-510-thread-cartridge-bleuh,https://ocs.ca/products/original-kush-510-thread-cartridge-bleuh
BOLD GLAZED,Juicy Pineapples 97+ Liquid Diamond 510 Thread Cartridge,Resin Cartridges,CO2,Hang Dry,39.90,1g,96.000000,98.000000,1.000000,Hybrid,Caryophyllene,Bold Growth Inc.,Saskatchewan,online,Shared,True,juicy-pineapples-liquid-diamond-510-thread-cartridge-bold-glazed-juicy-pineapples-liquid-diamond,https://ocs.ca/products/juicy-pineapples-liquid-diamond-510-thread-cartridge-bold-glazed-juicy-pineapples-liquid-diamond
BOLD GLAZED,Tangie Kush Liquid Diamond 510 Thread Cartridge,Live Cartridges,CO2,Hang Dry,39.90,1g,96.000000,98.000000,1.000000,Sativa Dominant,Beta-Caryophyllene,Bold Growth Inc.,Saskatchewan,in-store,Wholesale Only,False,tangie-kush-liquid-diamond-510-thread-cartridge-bold-glazed-tangie-kush,https://ocs.ca/products/tangie-kush-liquid-diamond-510-thread-cartridge-bold-glazed-tangie-kush
BOXHOT,Berry Baddie Liquid Diamond Charged 510 Thread Cartridge,Live Cartridges,Butane,Rack and Tray,34.45,1g,93.000000,99.000000,3.000000,Indica Dominant,Alpha-Pinene,ORGANIGRAM INC.,New Brunswick,online,Shared,True,berry-baddie-liquid-diamond-charged-510-thread-cartridge-boxhot,https://ocs.ca/products/berry-baddie-liquid-diamond-charged-510-thread-cartridge-boxhot
BOXHOT,Grape God Liquid Diamond Charged 510 Thread Cartridge,Live Cartridges,Butane,Rack and Tray,34.45,1g,97.000000,99.000000,2.000000,Indica Dominant,Beta-Caryophyllene,ORGANIGRAM INC.,New Brunswick,in-store,Wholesale Only,False,grape-god-liquid-diamond-charged-510-thread-cartridge-boxhot,https://ocs.ca/products/grape-god-liquid-diamond-charged-510-thread-cartridge-boxhot
BOXHOT,Maui Madness Liquid Diamond Charged 510 Thread Cartridge,Live Cartridges,Butane,Rack and Tray,34.45,1g,93.000000,99.000000,3.000000,Sativa Dominant,Delta-Limonene,ORGANIGRAM INC.,New Brunswick,in-store,Wholesale Only,False,maui-madness-liquid-diamond-charged-510-thread-cartridge-boxhot,https://ocs.ca/products/maui-madness-liquid-diamond-charged-510-thread-cartridge-boxhot
BOXHOT,Mint Condition Liquid Diamond Charged 510 Thread Cartridge,Live Cartridges,Butane,Rack and Tray,34.45,1g,93.000000,99.000000,3.000000,Hybrid,Delta-Limonene,ORGANIGRAM INC.,New Brunswick,online,Shared,True,mint-condition-liquid-diamond-charged-510-thread-cartridge-boxhot,https://ocs.ca/products/mint-condition-liquid-diamond-charged-510-thread-cartridge-boxhot
C.,Liquid Diamonds Blackberry Caviar 510 Thread Cartridge,Resin Cartridges,Butane,Fresh Frozen,44.95,1g,95.000000,98.000000,2.000000,Indica Dominant,Beta-Caryophyllene,CannaPiece Corp.,Ontario,in-store,Wholesale Only,False,liquid-diamonds-blackberry-caviar-510-thread-cartridge-c-blackberry-caviar,https://ocs.ca/products/liquid-diamonds-blackberry-caviar-510-thread-cartridge-c-blackberry-caviar
C.,Liquid Diamonds Hawaiian Rain 510 Thread Cartridge,Live Cartridges,Butane,,44.95,1g,95.000000,98.000000,2.000000,Hybrid,Caryophyllene,CannaPiece Corp.,Ontario,in-store,Wholesale Only,False,liquid-diamonds-hawaiian-rain-510-thread-cartriage-c,https://ocs.ca/products/liquid-diamonds-hawaiian-rain-510-thread-cartriage-c
Cabana Cannabis Co.,Blueberry Dub Liquid Diamonds Vape,Distillate Cartridges,CO2,Hang Dry,34.40,0.95g,93.000000,99.000000,6.000000,Indica Dominant,Terpenes removed,PEACE NATURALS PROJECT INC.,Ontario,in-store,Wholesale Only,False,blueberry-dub-liquid-diamonds-vape-cabana-cannabis-co-blueberry,https://ocs.ca/products/blueberry-dub-liquid-diamonds-vape-cabana-cannabis-co-blueberry
Cabana Cannabis Co.,Grape Puffs Liquid Diamond Vape Cartridge,Distillate Cartridges,CO2,Hang Dry,34.40,0.95g,93.000000,99.000000,6.000000,Hybrid,Terpenes removed,PEACE NATURALS PROJECT INC.,Ontario,in-store,Wholesale Only,False,grape-puffs-liquid-diamond-vape-cartridge-cabana-cannabis-co-grape,https://ocs.ca/products/grape-puffs-liquid-diamond-vape-cartridge-cabana-cannabis-co-grape
Cabana Cannabis Co.,Sticky Strawberry Liquid Diamond Vape Cartridge,Live Cartridges,CO2,Hang Dry,34.40,0.95g,93.000000,99.000000,6.000000,Sativa Dominant,Terpenes removed,PEACE NATURALS PROJECT INC.,Ontario,in-store,Wholesale Only,False,sticky-strawberry-liquid-diamond-vape-cartridge-cabana-cannabis-co-strawberry,https://ocs.ca/products/sticky-strawberry-liquid-diamond-vape-cartridge-cabana-cannabis-co-strawberry
Carmel,Animal Face Pure Live Resin 510 Thread Cartridge,Live Cartridges,Hydrocarbon,Hang Dry,49.10,1g,81.000000,87.000000,6.000000,Sativa Dominant,Alpha-Pinene,Carmel Pharms Corp.,Ontario,online,Shared,True,animal-face-pure-live-resin-510-thread-cartridge-carmel-animal-face-1,https://ocs.ca/products/animal-face-pure-live-resin-510-thread-cartridge-carmel-animal-face-1
Carmel,Big Apple Pure Live Resin 510 Thread Cartridge,Live Cartridges,Butane,,49.10,1g,81.000000,87.000000,6.000000,Sativa Dominant,Beta-Myrcene,Carmel Pharms Corp.,Ontario,online,Shared,True,big-apple-pure-live-resin-510-thread-cartridge-carmel-apple-fritter-x-sherb-bx1,https://ocs.ca/products/big-apple-pure-live-resin-510-thread-cartridge-carmel-apple-fritter-x-sherb-bx1
Carmel,Jungle J Pure Live Resin 510 Cart,Live Cartridges,Butane,Hang Dry,49.10,1g,82.000000,88.000000,2.000000,Indica Dominant,Caryophyllene,Carmel Pharms Corp.,Ontario,in-store,Wholesale Only,False,jungle-j-pure-live-resin-510-cart-carmel-jungle-juice,https://ocs.ca/products/jungle-j-pure-live-resin-510-cart-carmel-jungle-juice
Carmel,Slurty3 Pure Live Resin 510 Thread Cartridge,Live Cartridges,Butane,Fresh Frozen,49.10,1g,81.000000,87.000000,2.000000,Indica Dominant,Camphene,Carmel Pharms Corp.,Ontario,online,Shared,False,slurty3-pure-live-resin-510-thread-cartridge-carmel-slurty3,https://ocs.ca/products/slurty3-pure-live-resin-510-thread-cartridge-carmel-slurty3
Chillbilly,Maxed Out Liquid Diamond 510 Thread Cartridge - Cherry Tombs,Live Cartridges,Butane,Fresh Frozen,32.95,1g,92.000000,98.000000,1.000000,Sativa Dominant,Caryophyllene,Heritage Cannabis West Corporation,Ontario,in-store,Wholesale Only,False,maxed-out-liquid-diamond-510-thread-cartridge-cherry-tombs-chillbilly,https://ocs.ca/products/maxed-out-liquid-diamond-510-thread-cartridge-cherry-tombs-chillbilly
Chillbilly,Maxed Out Liquid Diamond Cartridge – Gator Blood,Live Cartridges,CO2,Hang Dry,32.95,1g,90.000000,96.000000,1.000000,Blend,Terpenes May Vary,Heritage Cannabis West Corporation,British Columbia,in-store,Wholesale Only,False,gator-blood-blammo-510-thread-cartridge-chillbilly-gator-blood,https://ocs.ca/products/gator-blood-blammo-510-thread-cartridge-chillbilly-gator-blood
Chillbilly,Maxed Out Liquid Diamond Cartridge – Outlaw Nectar,Live Cartridges,CO2,Hang Dry,32.95,1g,89.000000,95.000000,1.000000,Blend,Terpenes May Vary,Heritage Cannabis West Corporation,British Columbia,in-store,Wholesale Only,False,triple-berry-truckin-blammo-510-thread-cartridge-chillbilly-triple-berry-truckin,https://ocs.ca/products/triple-berry-truckin-blammo-510-thread-cartridge-chillbilly-triple-berry-truckin
Connoisseur Culture,Connoisseur's Hash Rosin - Rotational R 510 Thread Cartridge,Rosin Cartridges,Water,Hang Dry,46.95,1g,70.000000,76.000000,2.000000,Hybrid,Terpenes May Vary,Oaziz Extracts Inc.,Quebec,in-store,Wholesale Only,False,connoisseurs-hash-rosin-rotational-r-510-thread-cartridge-connoisseur-culture-hash-pen,https://ocs.ca/products/connoisseurs-hash-rosin-rotational-r-510-thread-cartridge-connoisseur-culture-hash-pen
Contraband,Contraband Live Rosin Guava CKE 510 Thread Cartridge,Rosin Cartridges,Heat,Hang Dry,39.95,0.5g,76.000000,82.000000,2.000000,Indica Dominant,Caryophyllene,Valens Agritech Ltd.,British Columbia,in-store,Wholesale Only,False,contraband-live-rosin-guava-cke-510-thread-cartridge-contraband-guava-cake,https://ocs.ca/products/contraband-live-rosin-guava-cke-510-thread-cartridge-contraband-guava-cake
Coterie,Fruity Pebbles 97+ Liquid Diamonds 510 Thread Cartridge,Live Cartridges,Hydrocarbon,Hang Dry,36.15,1g,97.000000,99.000000,1.000000,Indica Dominant,Limonene,WEED ME INC,Ontario,in-store,Wholesale Only,False,fruity-pebbles-97-liquid-diamonds-510-thread-cartridge-coterie,https://ocs.ca/products/fruity-pebbles-97-liquid-diamonds-510-thread-cartridge-coterie
Coterie,Fuji Apple 97+ Liquid Diamonds 510 Cart,Distillate Cartridges,Hydrocarbon,Fresh Frozen,36.15,1g,97.000000,99.000000,1.000000,Sativa Dominant,Alpha-Bisabolol,WEED ME INC,Quebec,in-store,Wholesale Only,False,granny-smith-live-terpene-510-thread-cartridge-coterie-green-gushers,https://ocs.ca/products/granny-smith-live-terpene-510-thread-cartridge-coterie-green-gushers
Coterie,Prickly Pear 97+ Liquid Diamonds 510 Thread Cartridge,Live Cartridges,Butane,Hang Dry,36.15,1g,97.000000,99.000000,6.000000,Sativa Dominant,Humulene,WEED ME INC,Quebec,online,Shared,True,prickly-pear-liquid-diamonds-510-thread-cartridge-coterie-chitral-kush-x-ogkb-x-ocean-haze,https://ocs.ca/products/prickly-pear-liquid-diamonds-510-thread-cartridge-coterie-chitral-kush-x-ogkb-x-ocean-haze
Countryside Cannabis,Mandarin CKS Live Terp Sauce 510 Vape Cartridge,Live Cartridges,,Fresh Frozen,37.95,1g,79.000000,85.000000,1.000000,Sativa Dominant,Alpha-Pinene,MERA CANNABIS CORP.,Ontario,in-store,Wholesale Only,False,mandarin-cks-live-terp-sauce-510-vape-cartridge-countryside-cannabis-mandarin-cookies,https://ocs.ca/products/mandarin-cks-live-terp-sauce-510-vape-cartridge-countryside-cannabis-mandarin-cookies
Dab Bods,Orange Hill FSE Shatter 510 Thread Cartridge,Live Cartridges,Butane,Hang Dry,37.35,1g,76.000000,84.000000,0.500000,Indica Dominant,Myrcene,1998643 ALBERTA LTD O/A STIGMA GROW,Ontario,in-store,Wholesale Only,False,orange-hill-fse-shatter-510-thread-cartridge-dab-bods-orange-hill,https://ocs.ca/products/orange-hill-fse-shatter-510-thread-cartridge-dab-bods-orange-hill
DayDay,Full Spectrum CBG+CBD+THC Vape 510 Thread Cartridge,Distillate Cartridges,Ethanol,Rack and Tray,29.95,1g,12.000000,18.000000,53.500000,Blend,Alpha-Caryophyllene,Purileaf Brands Corporation,British Columbia,in-store,Wholesale Only,False,full-spectrum-cbg-cbd-thc-vape-510-thread-cartridge-dayday,https://ocs.ca/products/full-spectrum-cbg-cbd-thc-vape-510-thread-cartridge-dayday
Debunk,Blackberry Haze Liquid Diamonds 510 Vape,Distillate Cartridges,Butane,Rack and Tray,37.95,1g,93.000000,99.000000,1.000000,Indica Dominant,Alpha-Pinene,ORGANIGRAM INC.,Ontario,online,Shared,True,blackberry-haze-liquid-diamonds-510-vape-debunk-blackberry-haze,https://ocs.ca/products/blackberry-haze-liquid-diamonds-510-vape-debunk-blackberry-haze
DEBUNK,Blueberry Kush Live Resin 510 Thread Cartridge,Live Cartridges,Butane,Fresh Frozen,44.95,1g,72.000000,78.000000,1.000000,Indica Dominant,Beta-Caryophyllene,ORGANIGRAM INC.,British Columbia,in-store,Wholesale Only,False,blueberry-kush-live-resin-510-thread-cartridge-debunk-blueberry-kush,https://ocs.ca/products/blueberry-kush-live-resin-510-thread-cartridge-debunk-blueberry-kush
DEBUNK,Funky GLTO Live Resin 510 Thread Cartridge,Resin Cartridges,Butane,Rack and Tray,44.95,1g,80.000000,84.000000,1.000000,Indica Dominant,Beta-Caryophyllene,ORGANIGRAM INC.,New Brunswick,online,Shared,True,funky-glto-live-resin-510-thread-cartridge-debunk-funky-panties-x-chimp-mint-gelato,https://ocs.ca/products/funky-glto-live-resin-510-thread-cartridge-debunk-funky-panties-x-chimp-mint-gelato
DEBUNK,Glass Apple Liquid Diamonds 510 Thread Cartridge,Resin Cartridges,Hydrocarbon,Rack and Tray,37.95,1g,93.000000,99.000000,1.000000,Hybrid,Caryophyllene,ORGANIGRAM INC.,Ontario,in-store,Wholesale Only,False,glass-apple-liquid-diamonds-510-thread-cartridge-debunk-ice,https://ocs.ca/products/glass-apple-liquid-diamonds-510-thread-cartridge-debunk-ice
DEBUNK,Kiwi Kush Liquid Diamonds 510 Thread Cartridge,Distillate Cartridges,Hydrocarbon,,37.95,1g,93.000000,99.000000,1.000000,Sativa Dominant,Caryophyllene,ORGANIGRAM INC.,Ontario,online,Shared,True,kiwi-kush-liquid-diamonds-510-thread-cartridge-debunk-ice,https://ocs.ca/products/kiwi-kush-liquid-diamonds-510-thread-cartridge-debunk-ice
DEBUNK,Maui Mango Haze Liquid Diamonds 510 Thread Cartridge,CO2 Cartridges,Hydrocarbon,Rack and Tray,37.95,1g,93.000000,99.000000,1.000000,Sativa Dominant,Limonene,ORGANIGRAM INC.,Ontario,in-store,Wholesale Only,False,maui-mango-haze-liquid-diamonds-510-thread-cartridge-debunk-ice-purple-sour-x-starburst-bubba,https://ocs.ca/products/maui-mango-haze-liquid-diamonds-510-thread-cartridge-debunk-ice-purple-sour-x-starburst-bubba
DEBUNK,Melonade Liquid Diamond 510 Thread Cartridge,Distillate Cartridges,CO2,Rack and Tray,37.95,1g,93.000000,99.000000,1.000000,Sativa Dominant,Caryophyllene,ORGANIGRAM INC.,Ontario,in-store,Wholesale Only,False,melonade-liquid-diamond-510-thread-cartridge-debunk-melonade,https://ocs.ca/products/melonade-liquid-diamond-510-thread-cartridge-debunk-melonade
DEBUNK,Moon Drops Liquid Diamonds 510 Thread Cartridge,Distillate Cartridges,Hydrocarbon,,37.95,1g,93.000000,99.000000,1.000000,Indica Dominant,Caryophyllene,ORGANIGRAM INC.,Ontario,online,Shared,True,moon-drops-liquid-diamonds-510-thread-cartridge-debunk-ice,https://ocs.ca/products/moon-drops-liquid-diamonds-510-thread-cartridge-debunk-ice
Debunk,Uncut Gems Liquid Diamond 510 Thread Cartridge,Resin Cartridges,,Rack and Tray,37.95,1g,93.000000,99.000000,1.000000,Blend,,ORGANIGRAM INC.,Ontario,in-store,Wholesale Only,False,uncut-gems-liquid-diamond-510-thread-cartridge-debunk,https://ocs.ca/products/uncut-gems-liquid-diamond-510-thread-cartridge-debunk
DEBUNK,White Grape Liquid Diamond 510 Thread Cartridge,Distillate Cartridges,Butane,Rack and Tray,37.95,1g,92.000000,98.000000,1.000000,Indica Dominant,Beta-Caryophyllene,ORGANIGRAM INC.,New Brunswick,in-store,Wholesale Only,False,white-grape-liquid-diamond-510-thread-cartridge-debunk,https://ocs.ca/products/white-grape-liquid-diamond-510-thread-cartridge-debunk
Discreet,Indica CBD/CBN Blend - Chill Cherry 510 Thread Cartridge,Resin Cartridges,Butane,Hang Dry,37.20,1g,78.000000,84.000000,9.000000,Indica Dominant,,AJA LABS INC.,British Columbia,in-store,Wholesale Only,False,indica-cbd-cbn-blend-hint-of-mint-510-thread-cartridge-discreet,https://ocs.ca/products/indica-cbd-cbn-blend-hint-of-mint-510-thread-cartridge-discreet
Discreet,Indica CBD/CBN Blend Vape 510 Thread Cartridge,Resin Cartridges,Butane,,37.20,1g,78.500000,84.500000,10.000000,Indica Dominant,Terpenes May Vary,Aja Labs Inc.,British Columbia,in-store,Wholesale Only,False,indica-cbd-cbn-blend-vape-510-thread-cartridge-discreet,https://ocs.ca/products/indica-cbd-cbn-blend-vape-510-thread-cartridge-discreet
Discreet,Sativa CBG Blend Vape 510 Thread Cartridge,Resin Cartridges,Butane,,37.20,1g,78.000000,84.000000,6.000000,Sativa Dominant,Terpenes May Vary,Aja Labs Inc.,British Columbia,in-store,Wholesale Only,False,sativa-cbg-blend-vape-510-thread-cartridge-discreet,https://ocs.ca/products/sativa-cbg-blend-vape-510-thread-cartridge-discreet
Discreet Mild,Hybrid CBD Blend Vape 510 Thread Cartridge - Mild Mango,Resin Cartridges,Butane,,37.20,1g,79.000000,85.000000,12.000000,Hybrid,Terpenes May Vary,Aja Labs Inc.,British Columbia,in-store,Wholesale Only,False,hybrid-cbd-blend-vape-510-thread-cartridge-mild-mango-discreet-mild,https://ocs.ca/products/hybrid-cbd-blend-vape-510-thread-cartridge-mild-mango-discreet-mild
Discreet Mild,SATIVA CBG BLEND- HINT OF MINT 510 THREAD CARTRIDGE,Resin Cartridges,Butane,,37.20,1g,77.000000,83.000000,5.000000,Sativa Dominant,Terpenes May Vary,Aja Labs Inc.,British Columbia,in-store,Wholesale Only,False,sativa-cbg-blend-hint-of-mint-510-thread-cartridge-discreet-mild,https://ocs.ca/products/sativa-cbg-blend-hint-of-mint-510-thread-cartridge-discreet-mild
Divvy,Black Widow CBD 510 Thread Cartridge,CO2 Cartridges,CO2,Hang Dry,29.95,1g,23.000000,29.000000,60.000000,Blend,Bisabolol,EMBLEM CANNABIS CORP.,Ontario,online,Shared,True,black-widow-cbd-510-thread-cartridge-divvy,https://ocs.ca/products/black-widow-cbd-510-thread-cartridge-divvy
Divvy,Nebula II CBD 510 Thread Cartridge,Distillate Cartridges,CO2,Rack and Tray,29.95,1g,0.000000,3.000000,69.500000,Hybrid,Caryophyllene,EMBLEM CANNABIS CORP.,Ontario,in-store,Wholesale Only,False,nebula-ii-cbd-510-thread-cartridge-divvy,https://ocs.ca/products/nebula-ii-cbd-510-thread-cartridge-divvy
EastCann,Frozen Lemons Pure Live Resin 510 Thread Cartridge,Live Cartridges,Butane,Fresh Frozen,44.95,1g,71.000000,77.000000,1.000000,Sativa Dominant,Caryophyllene,Prime Pot Inc.,Nova Scotia,online,Shared,True,frozen-lemons-pure-live-resin-510-thread-cartridge-eastcann-frozen-lemons,https://ocs.ca/products/frozen-lemons-pure-live-resin-510-thread-cartridge-eastcann-frozen-lemons
EastCann,Gastro Pop Pure Live Resin 510 Thread Cartridge,Live Cartridges,Butane,Fresh Frozen,44.95,1g,81.000000,87.000000,1.000000,Indica Dominant,Caryophyllene,Prime Pot Inc.,Nova Scotia,online,Shared,True,gastro-pop-live-resin-510-thread-cartridge-eastcann-apples-bananas-x-grape-gasoline,https://ocs.ca/products/gastro-pop-live-resin-510-thread-cartridge-eastcann-apples-bananas-x-grape-gasoline
EastCann,Mango Sour Pure Live Resin 510 Thread Cartridge,Resin Cartridges,Hydrocarbon,Hang Dry,39.95,1g,74.000000,80.000000,2.000000,Sativa Dominant,Beta-Pinene,Prime Pot Inc.,Nova Scotia,online,Shared,True,mango-sour-pure-live-resin-510-thread-cartridge-eastcann-sour-mango-cross,https://ocs.ca/products/mango-sour-pure-live-resin-510-thread-cartridge-eastcann-sour-mango-cross
EastCann,Purple Kush Pure Live Resin 510 Thread Cartridge,Live Cartridges,CO2,,39.95,1g,77.000000,82.000000,0.897000,Indica Dominant,,Prime Pot Inc.,British Columbia,online,Shared,True,purple-kush-live-resin-510-thread-cartridge-eastcann-purple-kush,https://ocs.ca/products/purple-kush-live-resin-510-thread-cartridge-eastcann-purple-kush
Encore,Cherry Limelight Liquid Diamond 510 Thread Cartridge,Distillate Cartridges,Ethanol,Hang Dry,38.30,1g,90.000000,96.000000,2.000000,Indica Dominant,Beta-Caryophyllene,WestLeaf Labs LP,British Columbia,in-store,Wholesale Only,False,cherry-limelight-liquid-diamond-510-thread-cartridge-encore-cherry-limelight,https://ocs.ca/products/cherry-limelight-liquid-diamond-510-thread-cartridge-encore-cherry-limelight
Encore,Pure Pear Liquid Diamond 510 Thread Cartridge,Distillate Cartridges,Ethanol,Hang Dry,38.30,1g,90.000000,96.000000,2.000000,Hybrid,Alpha-Pinene,WestLeaf Labs LP,British Columbia,in-store,Wholesale Only,False,pure-pear-liquid-diamond-510-thread-cartridge-encore-pure-pear,https://ocs.ca/products/pure-pear-liquid-diamond-510-thread-cartridge-encore-pure-pear
Encore,Razzle Dazzle Raspberry Liquid Diamond 510 Thread Cartridge,Distillate Cartridges,Ethanol,Hang Dry,38.30,1g,90.000000,96.000000,2.000000,Sativa Dominant,Beta-Caryophyllene,WestLeaf Labs LP,British Columbia,in-store,Wholesale Only,False,razzle-dazzle-raspberry-liquid-diamond-510-thread-cartridge-encore-razzle-dazzle-raspberry,https://ocs.ca/products/razzle-dazzle-raspberry-liquid-diamond-510-thread-cartridge-encore-razzle-dazzle-raspberry
Endgame,Acai Blxst Live 510 Thread Cartridge,Live Cartridges,Hydrocarbon,Fresh Frozen,41.90,1g,74.000000,80.000000,5.000000,Indica Dominant,Beta-Caryophyllene,APOTHECARY BOTANICALS,British Columbia,in-store,Wholesale Only,False,acai-blxst-live-510-thread-cartridge-endgame,https://ocs.ca/products/acai-blxst-live-510-thread-cartridge-endgame
Endgame,Hard Hitters - MosaZ Liquid Diamond 510 Thread Cartridge,Resin Cartridges,Butane,Hang Dry,33.00,1g,93.000000,99.000000,5.000000,Indica Dominant,Alpha-Pinene,APOTHECARY BOTANICALS,Ontario,in-store,Wholesale Only,False,hard-hitters-mosaz-liquid-diamond-510-thread-cartridge-endgame,https://ocs.ca/products/hard-hitters-mosaz-liquid-diamond-510-thread-cartridge-endgame
Endgame,Hard Hitters - Psycho Citrus Liquid Diamond 510 Thread Cart,Distillate Cartridges,Butane,Hang Dry,33.00,1g,93.000000,99.000000,5.000000,Sativa Dominant,Alpha-Humulene,APOTHECARY BOTANICALS,Ontario,online,Shared,True,hard-hitters-psycho-citrus-liquid-diamond-510-thread-cart-endgame-psycho-citrus,https://ocs.ca/products/hard-hitters-psycho-citrus-liquid-diamond-510-thread-cart-endgame-psycho-citrus
Endgame,Hard Hitters Blue Zello Liquid Diamond 510 Thread Cartridge,Distillate Cartridges,Ethanol,Hang Dry,33.00,1g,92.000000,98.000000,5.000000,Indica Dominant,Beta-Caryophyllene,APOTHECARY BOTANICALS,Ontario,online,Shared,True,hard-hitters-blue-zello-liquid-diamond-510-thread-cartridge-endgame-blue-zello,https://ocs.ca/products/hard-hitters-blue-zello-liquid-diamond-510-thread-cartridge-endgame-blue-zello
Endgame,Hard Hitters Blueberry Octane Liquid Diamond 510 Thread,Resin Cartridges,Butane,Hang Dry,33.00,1g,92.000000,98.000000,5.000000,Hybrid,Alpha-Pinene,APOTHECARY BOTANICALS,Ontario,online,Shared,True,hard-hitters-blueberry-octane-liquid-diamond-510-thread-endgame,https://ocs.ca/products/hard-hitters-blueberry-octane-liquid-diamond-510-thread-endgame
Endgame,Hard Hitters Cloudberry Liquid Diamond 510 Thread Cartridge,Resin Cartridges,Hydrocarbon,Hang Dry,33.00,1g,93.000000,99.000000,5.000000,Sativa Dominant,Beta-Caryophyllene,APOTHECARY BOTANICALS,Ontario,online,Shared,True,hard-hitters-cloudberry-liquid-diamond-510-thread-cartridge-endgame,https://ocs.ca/products/hard-hitters-cloudberry-liquid-diamond-510-thread-cartridge-endgame
Endgame,Hard Hitters Crystal Drip Liquid Diamond 510 Thread Cart,Distillate Cartridges,,Hang Dry,33.00,0.95g,93.000000,99.000000,5.000000,Indica Dominant,Alpha-Bisabolol,APOTHECARY BOTANICALS,Ontario,in-store,Wholesale Only,False,hard-hitters-crystal-drip-liquid-diamond-510-thread-cart-endgame,https://ocs.ca/products/hard-hitters-crystal-drip-liquid-diamond-510-thread-cart-endgame
Endgame,Hard Hitters Forbidden RNTZ Liquid Diamond 510 Thread Cart,Resin Cartridges,Hydrocarbon,Hang Dry,33.00,1g,92.000000,98.000000,5.000000,Indica Dominant,Alpha-Pinene,APOTHECARY BOTANICALS,Ontario,online,Shared,True,hard-hitters-forbidden-rntz-liquid-diamond-510-thread-cart-endgame-forbidden-rntz,https://ocs.ca/products/hard-hitters-forbidden-rntz-liquid-diamond-510-thread-cart-endgame-forbidden-rntz
Endgame,Hard Hitters Platinum Punch Liquid Diamond 510 Thread,Resin Cartridges,Butane,Hang Dry,33.00,1g,92.000000,98.000000,5.000000,Hybrid,Alpha-Pinene,APOTHECARY BOTANICALS,Ontario,online,Shared,True,hard-hitters-platinum-punch-liquid-diamond-510-thread-endgame,https://ocs.ca/products/hard-hitters-platinum-punch-liquid-diamond-510-thread-endgame
Endgame,Hard Hitters Terptonik Liquid Diamond 510 Thread Cartridge,Distillate Cartridges,Ethanol,Hang Dry,33.00,1g,93.000000,99.000000,5.000000,Indica Dominant,Limonene,APOTHECARY BOTANICALS,Ontario,in-store,Wholesale Only,False,hard-hitters-terptonik-liquid-diamond-510-thread-cartridge-endgame,https://ocs.ca/products/hard-hitters-terptonik-liquid-diamond-510-thread-cartridge-endgame
Endgame,Hard Hitters Tropic Punch Liquid Diamond 510 Thread Cart,Distillate Cartridges,,Hang Dry,33.00,1g,93.000000,99.000000,5.000000,Indica Dominant,Beta-Caryophyllene,APOTHECARY BOTANICALS,Ontario,in-store,Wholesale Only,False,hard-hitters-tropic-punch-liquid-diamond-510-thread-cart-endgame-tropic-punch,https://ocs.ca/products/hard-hitters-tropic-punch-liquid-diamond-510-thread-cart-endgame-tropic-punch
FIGR,Jungle Fumes Cold Cured Resin - 510 Thread Cartridge,Resin Cartridges,Butane,Rack and Tray,43.90,1g,80.000000,86.000000,6.000000,Sativa Dominant,Beta-Pinene,CANADAS ISLAND GARDEN INC,Prince Edward Island,in-store,Wholesale Only,False,jungle-fumes-cold-cured-resin-510-thread-cartridge-figr-jungle-fumes,https://ocs.ca/products/jungle-fumes-cold-cured-resin-510-thread-cartridge-figr-jungle-fumes
Flyte Liquid Diamonds,Bubble Mania Ice,CO2 Cartridges,CO2,Rack and Tray,37.95,1g,92.000000,97.000000,8.000000,Indica Dominant,Humulene,Village Brands Inc.,British Columbia,in-store,Wholesale Only,False,bubble-mania-ice-flyte-liquid-diamonds,https://ocs.ca/products/bubble-mania-ice-flyte-liquid-diamonds
FOUR54,Emerald Triangle Live Resin 510 Thread Cartridge,Resin Cartridges,Hydrocarbon,Hang Dry,39.95,1g,74.000000,84.000000,1.000000,Blend,Terpenes May Vary,Atlanticann Medical Inc,Nova Scotia,online,Shared,True,emerald-triangle-cured-resin-510-thread-cartridge-four54,https://ocs.ca/products/emerald-triangle-cured-resin-510-thread-cartridge-four54
FOUR54,Route 66 Live Resin 510 Thread Cartridge,Live Cartridges,,,44.95,1g,78.000000,84.000000,1.000000,Sativa Dominant,Caryophyllene,,,in-store,Wholesale Only,False,route-66-live-resin-510-thread-cartridge-four54,https://ocs.ca/products/route-66-live-resin-510-thread-cartridge-four54
Frootyhooty,Bad Azz Apple Live Rosin Amp’d with Liquid Diamonds 510 Cart,Rosin Cartridges,Water,Fresh Frozen,37.95,1g,81.000000,87.000000,6.000000,Hybrid,Beta-Caryophyllene,ANC INC,Manitoba,in-store,Wholesale Only,False,bad-azz-apple-live-rosin-amplified-510-thread-cartridge-frootyhooty-bad-azz,https://ocs.ca/products/bad-azz-apple-live-rosin-amplified-510-thread-cartridge-frootyhooty-bad-azz
Frootyhooty,Cherry Lipgloss Live Rosin + Liquid Dia 510 Thread Cartridge,CO2 Cartridges,Butane,Hang Dry,37.95,1g,81.000000,87.000000,5.000000,Sativa Dominant,Caryophyllene,ANC INC,Alberta,in-store,Wholesale Only,False,cherry-lipgloss-live-rosin-liquid-dia-510-thread-cartridge-frootyhooty,https://ocs.ca/products/cherry-lipgloss-live-rosin-liquid-dia-510-thread-cartridge-frootyhooty
frootyhooty,Poppin Peach LIVE ROSIN AMPLIFIED Distillate 510 Thread,Live Cartridges,Isopropanol,Fresh Frozen,34.95,1g,82.000000,88.000000,1.000000,Hybrid,Caryophyllene,Simply Solventless Concentrates Ltd.,British Columbia,in-store,Wholesale Only,False,poppin-peach-live-rosin-amplified-distillate-510-thread-frootyhooty-okanagan-sugar,https://ocs.ca/products/poppin-peach-live-rosin-amplified-distillate-510-thread-frootyhooty-okanagan-sugar
Fuego Red,Animal Sherbs Liquid Diamond Vape 510 Thread Cartridge,Distillate Cartridges,Ethanol,Hang Dry,34.95,1g,94.000000,97.000000,5.000000,Indica Dominant,Limonene,Ayurcann Inc.,Ontario,in-store,Wholesale Only,False,animal-sherbs-liquid-diamond-vape-510-thread-cartridge-fuego-red-animal-sherbs,https://ocs.ca/products/animal-sherbs-liquid-diamond-vape-510-thread-cartridge-fuego-red-animal-sherbs
Fuego Red,Forbidden Fruit Liquid Diamond 510 Thread Cartridge,Distillate Cartridges,Ethanol,Hang Dry,34.95,1g,94.000000,97.000000,5.000000,Indica Dominant,Humulene,Ayurcann Inc.,Ontario,in-store,Wholesale Only,False,forbidden-fruit-liquid-diamond-510-thread-cartridge-fuego-red-forbidden-fruit,https://ocs.ca/products/forbidden-fruit-liquid-diamond-510-thread-cartridge-fuego-red-forbidden-fruit
Fuego Red,Rainbow GLTO Liquid Diamond 510 Thread Cartridge,Distillate Cartridges,Ethanol,Hang Dry,34.95,1g,94.000000,97.000000,5.000000,Indica Dominant,Limonene,Ayurcann Inc.,Ontario,online,Shared,True,rainbow-glto-liquid-diamond-510-thread-cartridge-fuego-red-rainbow-glto,https://ocs.ca/products/rainbow-glto-liquid-diamond-510-thread-cartridge-fuego-red-rainbow-glto
Fuego Red,White RNTZ Liquid Diamond Vape,Distillate Cartridges,Ethanol,Hang Dry,34.95,1g,95.000000,99.000000,5.000000,Sativa Dominant,Limonene,Ayurcann Inc.,Ontario,online,Shared,True,white-rntz-liquid-diamond-vape-fuego-red-white-runtz-vape,https://ocs.ca/products/white-rntz-liquid-diamond-vape-fuego-red-white-runtz-vape
Fume By Dom Jackson,Green Light Go 100 Percent Live Resin Vape,Resin Cartridges,CO2,,41.75,1g,77.000000,83.000000,5.000000,Sativa Dominant,Terpenes May Vary,Galaxie Brands Corporation,Ontario,in-store,Wholesale Only,False,green-light-go-100-percent-live-resin-vape-fume-by-dom-jackson,https://ocs.ca/products/green-light-go-100-percent-live-resin-vape-fume-by-dom-jackson
General Admission,Berry Tundra Liquid Diamond 510 Thread Cartridge,Distillate Cartridges,Ethanol,Hang Dry,37.70,0.95g,94.000000,99.000000,2.000000,Sativa Dominant,Beta-Caryophyllene,WestLeaf Labs LP,British Columbia,in-store,Wholesale Only,False,berry-tundra-liquid-diamond-510-thread-cartridge-general-admission-berry-tundra,https://ocs.ca/products/berry-tundra-liquid-diamond-510-thread-cartridge-general-admission-berry-tundra
General Admission,Frosted Orchard Liquid Diamond 510 Thread Vape Cartridge,Live Cartridges,Ethanol,Hang Dry,37.70,0.95g,94.000000,99.000000,2.000000,Indica Dominant,Alpha-Caryophyllene,WestLeaf Labs LP,British Columbia,in-store,Wholesale Only,False,frosted-orchard-liquid-diamond-510-thread-vape-cartridge-general-admission,https://ocs.ca/products/frosted-orchard-liquid-diamond-510-thread-vape-cartridge-general-admission
General Admission,Pineapple Apple Liquid Diamond 510 Thread Cartridge,Distillate Cartridges,Ethanol,Hang Dry,37.70,0.95g,94.000000,99.000000,2.000000,Sativa Dominant,Alpha-Pinene,WestLeaf Labs LP,British Columbia,in-store,Wholesale Only,False,pineapple-apple-liquid-diamond-510-thread-cartridge-general-admission-pineapple-apple,https://ocs.ca/products/pineapple-apple-liquid-diamond-510-thread-cartridge-general-admission-pineapple-apple
General Admission,Pink Lemonade Liquid Diamond 510 Thread Cartridge,Distillate Cartridges,Ethanol,Hang Dry,37.70,0.95g,94.000000,99.000000,2.000000,Sativa Dominant,Beta-Caryophyllene,WestLeaf Labs LP,British Columbia,online,Shared,False,pink-lemonade-liquid-diamond-510-thread-cartridge-general-admission-pink-lemonade,https://ocs.ca/products/pink-lemonade-liquid-diamond-510-thread-cartridge-general-admission-pink-lemonade
General Admission,Strazzleberry Liquid Diamond 510 Thread Cartridge,Distillate Cartridges,Ethanol,Hang Dry,37.70,0.95g,94.000000,99.000000,2.000000,Indica Dominant,Beta-Caryophyllene,WestLeaf Labs LP,British Columbia,in-store,Wholesale Only,False,strazzleberry-liquid-diamond-510-thread-cartridge-general-admission-strazzleberry,https://ocs.ca/products/strazzleberry-liquid-diamond-510-thread-cartridge-general-admission-strazzleberry
General Admission,Tiger Blood Liquid Diamond 510 Thread Vape Cartridge,Distillate Cartridges,Ethanol,Hang Dry,37.70,0.95g,94.000000,99.000000,2.000000,Indica Dominant,Caryophyllene,WestLeaf Labs LP,British Columbia,online,Shared,True,tiger-blood-liquid-diamond-510-thread-vape-cartridge-general-admission-tiger-blood,https://ocs.ca/products/tiger-blood-liquid-diamond-510-thread-vape-cartridge-general-admission-tiger-blood
General Admission,Very Berry (indica) Liquid Diamonds 510 Thread Cartridge,Distillate Cartridges,Ethanol,Hang Dry,37.70,0.95g,94.000000,99.000000,2.000000,Indica Dominant,Beta-Caryophyllene,WestLeaf Labs LP,British Columbia,online,Shared,True,very-berry-indica-liquid-diamonds-510-thread-cartridge-general-admission,https://ocs.ca/products/very-berry-indica-liquid-diamonds-510-thread-cartridge-general-admission
General Admission,Watermelon Splash Liquid Diamond 510 Thread Cartridge,Resin Cartridges,Ethanol,Hang Dry,37.70,0.95g,94.000000,99.000000,2.000000,Indica Dominant,Beta-Caryophyllene,WestLeaf Labs LP,British Columbia,online,Shared,True,watermelon-splash-liquid-diamond-510-thread-cartridge-general-admission-watermelon-splash,https://ocs.ca/products/watermelon-splash-liquid-diamond-510-thread-cartridge-general-admission-watermelon-splash
GREAZY,Super Lemon Haze Live Resin 510 Thread Cartridge,Resin Cartridges,Butane,Fresh Frozen,45.60,1g,76.000000,82.000000,6.000000,Sativa Dominant,Beta-Caryophyllene,MERA CANNABIS CORP.,Ontario,in-store,Wholesale Only,False,super-lemon-haze-live-resin-510-thread-cartridge-greazy-super-lemon-haze,https://ocs.ca/products/super-lemon-haze-live-resin-510-thread-cartridge-greazy-super-lemon-haze
Happy & Stoned,Aloha White Widow Liquid Diamond 510 Thread Cartridge,Distillate Cartridges,Ethanol,Hang Dry,34.95,1g,95.000000,99.000000,5.000000,Sativa Dominant,Beta-Caryophyllene,Ayurcann Inc.,Ontario,in-store,Wholesale Only,False,aloha-white-widow-liquid-diamond-510-thread-cartridge-happy-stoned,https://ocs.ca/products/aloha-white-widow-liquid-diamond-510-thread-cartridge-happy-stoned
Happy & Stoned,Big Blue Razz Disty+diamond 510 Thread Cartridge,Distillate Cartridges,Ethanol,Hang Dry,34.95,1g,90.000000,96.000000,5.000000,Indica Dominant,Alpha-Pinene,Ayurcann Inc.,Ontario,in-store,Wholesale Only,False,big-blue-razz-disty-diamond-510-thread-cartridge-happy-stoned,https://ocs.ca/products/big-blue-razz-disty-diamond-510-thread-cartridge-happy-stoned
Happy & Stoned,Super Strawberry Watermelon Disty+diamond 510 Thread Cart,Distillate Cartridges,Ethanol,Hang Dry,34.95,1g,90.000000,96.000000,5.000000,Indica Dominant,Beta-Caryophyllene,Ayurcann Inc.,Ontario,in-store,Wholesale Only,False,super-strawberry-watermelon-disty-diamond-510-thread-cart-happy-stoned,https://ocs.ca/products/super-strawberry-watermelon-disty-diamond-510-thread-cart-happy-stoned
Hazo,Full Spectrum CBD Blueberry Muffins 510 Thread Cartridge,Distillate Cartridges,Butane,,43.40,1g,3.500000,9.500000,57.600000,Hybrid,Terpenes May Vary,Oaziz Extracts Inc.,British Columbia,in-store,Wholesale Only,False,full-spectrum-cbd-blueberry-muffins-510-thread-cartridge-hazo,https://ocs.ca/products/full-spectrum-cbd-blueberry-muffins-510-thread-cartridge-hazo
Headspace,Fruitquake Liquid Diamond Vape,Resin Cartridges,Butane,Hang Dry,44.10,0.95g,93.000000,99.000000,1.000000,Sativa Dominant,Alpha-Bisabolol,Atlantic Cultivation Limited,Newfoundland and Labrador,in-store,Wholesale Only,False,fruitquake-liquid-diamond-vape-headspace-fruitquake,https://ocs.ca/products/fruitquake-liquid-diamond-vape-headspace-fruitquake
Headspace,Troparazzi Liquid Diamond Vape,Resin Cartridges,Butane,Hang Dry,44.10,0.95g,93.000000,99.000000,8.000000,Indica Dominant,Alpha-Humulene,Atlantic Cultivation Limited,Newfoundland and Labrador,in-store,Wholesale Only,False,troparazzi-liquid-diamond-vape-headspace-troparazzi,https://ocs.ca/products/troparazzi-liquid-diamond-vape-headspace-troparazzi
IRIS Labs,Blackwater Live Resin 510 Thread Cartridge,Live Cartridges,Hydrocarbon,Fresh Frozen,44.95,1g,76.700000,82.700000,1.000000,Indica Dominant,Caryophyllene,Atlanticann Medical Inc,Nova Scotia,online,Shared,True,blackwater-live-resin-510-thread-cartridge-iris-labs,https://ocs.ca/products/blackwater-live-resin-510-thread-cartridge-iris-labs
IRIS Labs,Cherry Bang Bang Live Resin 510 Thread Cartridge Vape,Live Cartridges,Butane,Fresh Frozen,44.95,1g,78.300000,84.300000,1.000000,Sativa Dominant,Limonene,Atlanticann Medical Inc,Nova Scotia,online,Shared,True,cherry-bang-bang-live-resin-510-thread-cartridge-vape-iris-labs-pineapple-fruz-x-wild-cherry-cherry-phenotype,https://ocs.ca/products/cherry-bang-bang-live-resin-510-thread-cartridge-vape-iris-labs-pineapple-fruz-x-wild-cherry-cherry-phenotype
IRIS Labs,Fantasm Live Resin 510 Thread Cartridge,Live Cartridges,Hydrocarbon,Fresh Frozen,44.95,1g,78.500000,84.500000,2.000000,Indica Dominant,Caryophyllene,Atlanticann Medical Inc,Nova Scotia,online,Shared,True,fantasm-live-resin-510-thread-cartridge-iris-labs-icc-x-kushmints-11,https://ocs.ca/products/fantasm-live-resin-510-thread-cartridge-iris-labs-icc-x-kushmints-11
IRIS Labs,Purple Sundaze Live Resin 510 Thread Cartridge,Live Cartridges,,Fresh Frozen,44.95,1g,76.500000,82.500000,1.000000,Hybrid,Alpha-Pinene,Atlanticann Medical Inc,Nova Scotia,online,Shared,True,purple-sundaze-live-resin-510-thread-cartridge-iris-labs-purple-elephant-x-purple-punch,https://ocs.ca/products/purple-sundaze-live-resin-510-thread-cartridge-iris-labs-purple-elephant-x-purple-punch
IRIS Labs,ZODA 100% Live Resin 510 Thread Cartridge,Live Cartridges,,,44.95,1g,78.000000,84.000000,1.000000,Indica Dominant,Caryophyllene,,,in-store,Wholesale Only,False,zoda-100-live-resin-510-thread-cartridge-iris-labs,https://ocs.ca/products/zoda-100-live-resin-510-thread-cartridge-iris-labs
Jane & Juice,Gold Rush Shatter 510 Thread Cartridge,Live Cartridges,Butane,Hang Dry,43.00,1g,74.000000,80.000000,1.000000,Blend,Caryophyllene,J2 Science Inc.,Quebec,in-store,Wholesale Only,False,gold-rush-shatter-510-thread-cartridge-jane-juice-mango-kush,https://ocs.ca/products/gold-rush-shatter-510-thread-cartridge-jane-juice-mango-kush
JAYS,Pink Cherry Live Resin 510 Thread Cartridge,Live Cartridges,Butane,,34.95,1g,75.000000,81.000000,2.000000,Indica Dominant,Caryophyllene,CannaPiece Corp.,Ontario,in-store,Wholesale Only,False,pink-cherry-live-resin-510-thread-cartridge-jays,https://ocs.ca/products/pink-cherry-live-resin-510-thread-cartridge-jays
Jonny Chronic,Acapulco Gold Live Resin 510 Thread Cartridge,Live Cartridges,,Fresh Frozen,37.65,1g,80.000000,86.000000,2.000000,Sativa Dominant,Alpha-Bisabolol,JC Green Cannabis Inc,Ontario,online,Shared,True,acapulco-gold-live-resin-510-thread-cartridge-jonny-chronic-central-american-landrace,https://ocs.ca/products/acapulco-gold-live-resin-510-thread-cartridge-jonny-chronic-central-american-landrace
Jonny Chronic,Blue Dream Liquid Diamonds 510 Thread Cartridge,Resin Cartridges,Butane,Hang Dry,34.95,1g,95.000000,95.000000,6.000000,Sativa Dominant,Caryophyllene,JC Green Cannabis Inc,Ontario,online,Shared,True,blue-dream-liquid-diamonds-510-thread-cartridge-jonny-chronic-skunk-x-afghan,https://ocs.ca/products/blue-dream-liquid-diamonds-510-thread-cartridge-jonny-chronic-skunk-x-afghan
Jonny Chronic,Cherry Bomb Live Resin 510 Thread Cartridge,Live Cartridges,Butane,Hang Dry,37.65,1g,80.000000,86.000000,3.000000,Sativa Dominant,Alpha-Myrcene,JC Green Cannabis Inc,Ontario,in-store,Wholesale Only,False,cherry-bomb-live-resin-510-thread-cartridge-jonny-chronic-cherry-bomb,https://ocs.ca/products/cherry-bomb-live-resin-510-thread-cartridge-jonny-chronic-cherry-bomb
Jonny Chronic,Super Lemon Haze Liquid Diamonds 510 Thread Cartridge,Distillate Cartridges,Butane,Hang Dry,34.95,1g,95.000000,95.000000,6.000000,Sativa Dominant,Beta-Caryophyllene,JC Green Cannabis Inc,Ontario,in-store,Wholesale Only,False,super-lemon-haze-liquid-diamonds-510-thread-cartridge-jonny-chronic,https://ocs.ca/products/super-lemon-haze-liquid-diamonds-510-thread-cartridge-jonny-chronic
Juicy Hoots,95+ Peach Squeeze Diamond Drizzle Cartridge,Resin Cartridges,Butane,Fresh Frozen,37.95,1g,95.000000,99.000000,1.000000,Sativa Dominant,Caryophyllene,Heritage Cannabis West Corporation,Ontario,in-store,Wholesale Only,False,95-peach-squeeze-diamond-drizzle-cartridge-juicy-hoots,https://ocs.ca/products/95-peach-squeeze-diamond-drizzle-cartridge-juicy-hoots
Juicy Hoots,Berry Punch Diamond Drizzle Cartridge,Distillate Cartridges,CO2,Hang Dry,36.95,1g,94.000000,99.000000,1.000000,Sativa Dominant,Terpenes May Vary,Heritage Cannabis West Corporation,British Columbia,in-store,Wholesale Only,False,double-berry-punch-510-thread-cartridge-juicy-hoots-double-berry-punch,https://ocs.ca/products/double-berry-punch-510-thread-cartridge-juicy-hoots-double-berry-punch
Juicy Hoots,Blue Cherry Diamond Drizzle Cartridge,CO2 Cartridges,CO2,Hang Dry,36.95,1g,94.000000,99.000000,1.000000,Hybrid,,Heritage Cannabis West Corporation,British Columbia,online,Shared,True,double-blue-cherry-juicy-hoots,https://ocs.ca/products/double-blue-cherry-juicy-hoots
Juicy Hoots,Grape Giggles Diamond Drizzle Cartridge,Distillate Cartridges,CO2,Rack and Tray,31.95,1g,94.000000,99.000000,1.000000,Hybrid,Caryophyllene,Heritage Cannabis West Corporation,Ontario,online,Shared,True,double-grape-giggles-510-thread-cartridge-juicy-hoots,https://ocs.ca/products/double-grape-giggles-510-thread-cartridge-juicy-hoots
Juicy Hoots,Melon Gulp Diamond Drizzle Cartridge,CO2 Cartridges,CO2,Hang Dry,31.95,1g,94.000000,99.000000,1.000000,Indica Dominant,,Heritage Cannabis West Corporation,British Columbia,online,Shared,True,double-melon-gulp-510-thread-cartridge-juicy-hoots-double-melon-gulp,https://ocs.ca/products/double-melon-gulp-510-thread-cartridge-juicy-hoots-double-melon-gulp
Kolab Project,Blue Passionfruit Diamonds 510 Thread Cartridge,Resin Cartridges,Ethanol,Rack and Tray,36.00,1g,95.000000,99.000000,5.000000,Hybrid,Alpha-Pinene,Auxly Inc.,Ontario,online,Shared,True,blue-passionfruit-diamonds-510-thread-cartridge-kolab-project-blue-passionfruit,https://ocs.ca/products/blue-passionfruit-diamonds-510-thread-cartridge-kolab-project-blue-passionfruit
Kolab Project,Guava OG Diamonds 510 Thread Cartridge,Distillate Cartridges,,Rack and Tray,36.00,1g,95.000000,99.000000,1.000000,Sativa Dominant,Caryophyllene,Auxly Inc.,Ontario,online,Shared,True,guava-og-diamonds-510-thread-cartridge-kolab-project-guava-og,https://ocs.ca/products/guava-og-diamonds-510-thread-cartridge-kolab-project-guava-og
Kolab Project,Liquid Live Resin 510 Thread Cartridge,Resin Cartridges,Hydrocarbon,Rack and Tray,52.10,1g,85.000000,91.000000,0.500000,Indica Dominant,Caryophyllene,Auxly Inc.,Ontario,in-store,Wholesale Only,False,liquid-live-resin-510-thread-cartridge-kolab-project,https://ocs.ca/products/liquid-live-resin-510-thread-cartridge-kolab-project
Kolab Project,Pineapple Heat Liquid Diamonds 510 Thread Cartridge,Live Cartridges,Ethanol,Hang Dry,36.00,1g,95.000000,99.000000,0.050000,Hybrid,Alpha-Pinene,Auxly Inc.,Ontario,in-store,Wholesale Only,False,pineapple-heat-liquid-diamonds-510-thread-cartridge-kolab-project,https://ocs.ca/products/pineapple-heat-liquid-diamonds-510-thread-cartridge-kolab-project
Kolab Project,Pink Lychee Diamonds 510 Thread Cartridge,Distillate Cartridges,,Rack and Tray,36.00,1g,95.000000,99.000000,1.000000,Indica Dominant,Alpha-Pinene,Auxly Inc.,Ontario,online,Shared,True,pink-lychee-diamonds-510-thread-cartridge-kolab-project-pink-lychee,https://ocs.ca/products/pink-lychee-diamonds-510-thread-cartridge-kolab-project-pink-lychee
Kolab Project,Sour Mango Liquid Diamonds 510 Thread Cartridge,Live Cartridges,Ethanol,Hang Dry,36.00,1g,95.000000,99.000000,0.050000,Indica Dominant,Beta-Caryophyllene,Auxly Inc.,Ontario,in-store,Wholesale Only,False,sour-mango-liquid-diamonds-510-thread-cartridge-kolab-project,https://ocs.ca/products/sour-mango-liquid-diamonds-510-thread-cartridge-kolab-project
Kolab Project,Strawberry Ice Diamonds 510 Thread Cartridge,Resin Cartridges,Ethanol,Rack and Tray,36.00,1g,95.000000,99.000000,5.000000,Sativa Dominant,Alpha-Pinene,Auxly Inc.,Ontario,online,Shared,True,strawberry-ice-diamonds-510-thread-cartridge-kolab-project-strawberry-ice,https://ocs.ca/products/strawberry-ice-diamonds-510-thread-cartridge-kolab-project-strawberry-ice
Kolab Project,Yuzu Honey Diamonds 510 Thread Cartridge,Distillate Cartridges,,Rack and Tray,36.00,1g,95.000000,99.000000,1.000000,Sativa Dominant,Alpha-Pinene,Auxly Inc.,Ontario,online,Shared,True,yuzu-honey-diamonds-510-thread-cartridge-kolab-project,https://ocs.ca/products/yuzu-honey-diamonds-510-thread-cartridge-kolab-project
Lamplighter,Blue Razz Cranked Liquid Diamond 510 Cart,Distillate Cartridges,CO2,Hang Dry,32.45,1g,91.000000,97.000000,6.000000,Sativa Dominant,Beta-Caryophyllene,ANC INC,Manitoba,in-store,Wholesale Only,False,blue-razzle-dazzle-liquid-diamond-510-thread-cartridge-lamplighter,https://ocs.ca/products/blue-razzle-dazzle-liquid-diamond-510-thread-cartridge-lamplighter
Lamplighter,Limelight (After Hours Mix) Liquid Diam 510 Thread Cartridge,Live Cartridges,Butane,Hang Dry,32.45,1g,95.000000,98.000000,5.000000,Indica Dominant,Beta-Caryophyllene,ANC INC,Alberta,in-store,Wholesale Only,False,limelight-after-hours-mix-liquid-diam-510-thread-cartridge-lamplighter,https://ocs.ca/products/limelight-after-hours-mix-liquid-diam-510-thread-cartridge-lamplighter
Lamplighter,STRAWBERRY STROBE Liquid Diamond 510 Thread Cartridge,Live Cartridges,Butane,Hang Dry,32.45,1g,95.000000,98.000000,5.000000,Hybrid,Beta-Caryophyllene,ANC INC,Alberta,in-store,Wholesale Only,False,strawberry-strobe-liquid-diamond-510-thread-cartridge-lamplighter,https://ocs.ca/products/strawberry-strobe-liquid-diamond-510-thread-cartridge-lamplighter
LITTI.,Grape Escape 510 Thread Cartridge,Distillate Cartridges,Ethanol,,32.85,1g,88.000000,94.000000,1.000000,Sativa Dominant,Caryophyllene,MERA CANNABIS CORP.,Ontario,in-store,Wholesale Only,False,grape-escape-510-thread-cartridge-litti,https://ocs.ca/products/grape-escape-510-thread-cartridge-litti
LITTI.,HELLA BUBBA. 510 Thread Cartridge,Distillate Cartridges,Ethanol,,32.85,1g,83.000000,89.000000,1.000000,Hybrid,Beta-Caryophyllene,MERA CANNABIS CORP.,Ontario,online,Shared,True,hella-bubba-510-thread-cartridge-litti,https://ocs.ca/products/hella-bubba-510-thread-cartridge-litti
LITTI.,Slappn' Berry 510 Thread Cartridge,Distillate Cartridges,Ethanol,Rack and Tray,32.85,1g,88.000000,94.000000,1.000000,Indica Dominant,Delta-Limonene,MERA CANNABIS CORP.,Ontario,online,Shared,True,slappn-berry-510-thread-cartridge-litti-blueberry-zlshie,https://ocs.ca/products/slappn-berry-510-thread-cartridge-litti-blueberry-zlshie
LITTI.,Watermelon Whammy Liquid Diamonds 510 Vape Cart,CO2 Cartridges,Butane,Hang Dry,34.85,1g,96.000000,99.000000,5.000000,Hybrid,Terpenes May Vary,MERA CANNABIS CORP.,Ontario,in-store,Wholesale Only,False,watermelon-whammy-liquid-diamonds-510-vape-cart-litti,https://ocs.ca/products/watermelon-whammy-liquid-diamonds-510-vape-cart-litti
Lord Jones,Gorilla Grape Liquid Diamonds x Live Re 510 Thread Cartridge,Resin Cartridges,Water,Hang Dry,40.00,1g,99.200000,99.200000,1.000000,Indica Dominant,Caryophyllene,PEACE NATURALS PROJECT INC.,Ontario,online,Shared,True,gorilla-grape-liquid-diamonds-x-live-re-510-thread-cartridge-lord-jones-gg4-x-vino-og,https://ocs.ca/products/gorilla-grape-liquid-diamonds-x-live-re-510-thread-cartridge-lord-jones-gg4-x-vino-og
Lord Jones,Orange Velvet Liquid Diamonds x Live Re 510 Thread Cartridge,Resin Cartridges,Water,Hang Dry,40.00,1g,99.200000,99.200000,1.000000,Sativa Dominant,Limonene,PEACE NATURALS PROJECT INC.,Ontario,online,Shared,True,orange-velvet-liquid-diamonds-x-live-re-510-thread-cartridge-lord-jones-sour-tangie-x-mandarin-sunset,https://ocs.ca/products/orange-velvet-liquid-diamonds-x-live-re-510-thread-cartridge-lord-jones-sour-tangie-x-mandarin-sunset
Lord Jones,Pink RNTZ Liquid Diamonds x Live Resin 510 Thread Cartridge,Live Cartridges,,,39.95,1g,96.000000,99.200000,6.000000,Sativa Dominant,Caryophyllene,,,in-store,Wholesale Only,False,pink-rntz-liquid-diamonds-x-live-resin-510-thread-cartridge-lord-jones,https://ocs.ca/products/pink-rntz-liquid-diamonds-x-live-resin-510-thread-cartridge-lord-jones
Lord Jones,Sour Blueberry Liquid Diamonds x Live R 510 Thread Cartridge,Live Cartridges,Water,Hang Dry,40.00,1g,99.200000,99.200000,1.000000,Hybrid,Limonene,PEACE NATURALS PROJECT INC.,Ontario,online,Shared,True,sour-blueberry-liquid-diamonds-x-live-r-510-thread-cartridge-lord-jones-sfv-og-kush-x-chem-4,https://ocs.ca/products/sour-blueberry-liquid-diamonds-x-live-r-510-thread-cartridge-lord-jones-sfv-og-kush-x-chem-4
Lune Rise Farms,2:1 CBD/THC Lemon Zest Pure Live Resin,Live Cartridges,,,39.90,1g,27.000000,33.000000,48.000000,Hybrid,Alpha-Humulene,Lune Rise Farms Inc.,Ontario,in-store,Wholesale Only,False,2-1-lemon-zest-pure-live-resin-510-cartridge-lune-rise-farms,https://ocs.ca/products/2-1-lemon-zest-pure-live-resin-510-cartridge-lune-rise-farms
Lune Rise Farms,Farmers’ Market Pure Live Resin 510 Vape,Live Cartridges,Hydrocarbon,Fresh Frozen,48.05,1g,78.000000,81.000000,0.250000,Indica Dominant,Alpha-Pinene,Lune Rise Farms Inc.,Ontario,in-store,Wholesale Only,False,farmers-market-pure-live-resin-510-vape-lune-rise-farms,https://ocs.ca/products/farmers-market-pure-live-resin-510-vape-lune-rise-farms
MTL Cannabis,Sage n' Sour 510 Thread Cartridge,Live Cartridges,Butane,Hang Dry,47.95,1g,76.000000,82.000000,6.000000,Sativa Dominant,Caryophyllene,MONTRÉAL CANNABIS MÉDICAL INC. d.b.a. MTL Cannabis,Quebec,in-store,Wholesale Only,False,sage-n-sour-510-thread-cartridge-mtl-cannabis-sage-n-sour,https://ocs.ca/products/sage-n-sour-510-thread-cartridge-mtl-cannabis-sage-n-sour
NightNight,Full Spectrum CBN+CBD 510 Thread Cartridge,Distillate Cartridges,Live Sift,Rack and Tray,29.95,1g,0.000000,0.000000,53.000000,Blend,Alpha-Bisabolol,Purileaf Brands Corporation,Ontario,online,Shared,True,full-spectrum-cbn-cbd-510-thread-cartridge-nightnight,https://ocs.ca/products/full-spectrum-cbn-cbd-510-thread-cartridge-nightnight
No Brand,The Indica Liquid Diamonds 510 Thread Cartridge,Distillate Cartridges,CO2,Hang Dry,34.00,1g,91.000000,97.000000,6.000000,Indica Dominant,Alpha-Myrcene,Canadian Clinical Cannabinoids Inc.,Ontario,in-store,Wholesale Only,False,liquid-diamonds-510-thread-cartridge-no-brand-gsc,https://ocs.ca/products/liquid-diamonds-510-thread-cartridge-no-brand-gsc
No Brand,The Sativa Liquid Diamonds 510 Thread Cartridge,Resin Cartridges,CO2,Hang Dry,34.40,1g,85.000000,90.000000,6.000000,Indica Dominant,Alpha-Humulene,Canadian Clinical Cannabinoids Inc.,Ontario,in-store,Wholesale Only,False,live-resin-510-thread-cartridge-no-brand-gsc,https://ocs.ca/products/live-resin-510-thread-cartridge-no-brand-gsc
Nugz,Flavour Bomb Atomic Peach Liquid Diamond 510 Vape,Resin Cartridges,Butane,Hang Dry,34.80,0.95g,89.000000,95.000000,6.000000,Blend,Terpenes May Vary,Cannara Biotech (Quebec) Inc.,Quebec,in-store,Wholesale Only,False,flavour-bomb-atomic-peach-liquid-diamond-510-vape-nugz,https://ocs.ca/products/flavour-bomb-atomic-peach-liquid-diamond-510-vape-nugz
Nugz,Flavour Bomb Watermelon Wave Liquid Diamond 510 Cartridge,Resin Cartridges,Butane,Hang Dry,34.80,0.95g,89.000000,95.000000,6.000000,Blend,Terpenes May Vary,Cannara Biotech (Quebec) Inc.,Quebec,in-store,Wholesale Only,False,flavour-bomb-watermelon-wave-liquid-diamond-510-cartridge-nugz,https://ocs.ca/products/flavour-bomb-watermelon-wave-liquid-diamond-510-cartridge-nugz
Nugz Vape,G Sherb Full Spectrum 510 Thread Cartridge,Resin Cartridges,Ethanol,Hang Dry,34.95,1g,82.000000,88.000000,1.000000,Indica Dominant,Camphene,Cannara Biotech (Quebec) Inc.,Quebec,online,Shared,True,g-sherb-510-thread-cartridge-nugz-blueberry-haze,https://ocs.ca/products/g-sherb-510-thread-cartridge-nugz-blueberry-haze
Nugz Vape,Lemon Linx Full Spectrum 510 Thread Cartridge,Resin Cartridges,,,34.95,1g,82.000000,88.000000,2.000000,Sativa Dominant,Humulene,Cannara Biotech (Quebec) Inc.,Quebec,in-store,Wholesale Only,False,lemon-linx-510-thread-cartridge-nugz,https://ocs.ca/products/lemon-linx-510-thread-cartridge-nugz
Orchid CBD,CBD RNTZ LIVE RESIN 510 Thread Cartridge,Live Cartridges,Butane,Fresh Frozen,40.00,1g,56.000000,72.000000,37.000000,Hybrid,Caryophyllene,Cannara Biotech (Quebec) Inc.,Quebec,online,Shared,True,cbd-rntz-live-resin-510-thread-cartridge-orchid-cbd,https://ocs.ca/products/cbd-rntz-live-resin-510-thread-cartridge-orchid-cbd
Papa's Herb,96+ Blueberry Zlshie Liquid Diamond 510 Thread Cartridge,Distillate Cartridges,Butane,Rack and Tray,39.95,0.95g,96.000000,99.000000,6.000000,Hybrid,Caryophyllene,Canadian Clinical Cannabinoids Inc.,Ontario,online,Shared,True,hybrid-blueberry-zlshie-liquid-diamond-510-thread-cartridge-papas-herb-blueberry-slushy,https://ocs.ca/products/hybrid-blueberry-zlshie-liquid-diamond-510-thread-cartridge-papas-herb-blueberry-slushy
Papa's Herb,CttnCndy Grape 95+Liquid Diamond 510 Thread Cartridge,Live Cartridges,Ethanol,Rack and Tray,39.95,0.95g,94.000000,98.000000,6.000000,Sativa Dominant,Limonene,Canadian Clinical Cannabinoids Inc.,Ontario,in-store,Wholesale Only,False,cttncndy-grape-95-liquid-diamond-510-thread-cartridge-papas-herb-cotton-candy-x-grape-god,https://ocs.ca/products/cttncndy-grape-95-liquid-diamond-510-thread-cartridge-papas-herb-cotton-candy-x-grape-god
Papa's Herb,Sativa Fruit Punch Liquid Diamond 510 Thread Cartridge,Resin Cartridges,Butane,Rack and Tray,39.95,0.95g,96.000000,99.000000,6.000000,Sativa Dominant,Caryophyllene,Canadian Clinical Cannabinoids Inc.,Ontario,online,Shared,True,sativa-fruit-punch-liquid-diamond-510-thread-cartridge-papas-herb,https://ocs.ca/products/sativa-fruit-punch-liquid-diamond-510-thread-cartridge-papas-herb
Pepe,Espresso 'Tini Liquid Diamonds 510 Thread Cartridge,Distillate Cartridges,CO2,Rack and Tray,39.60,1g,88.000000,94.000000,0.000000,Sativa Dominant,Caryophyllene,MEDICAL SAINTS LTD.,Ontario,in-store,Wholesale Only,False,espresso-tini-liquid-diamonds-510-thread-cartridge-pepe-espresso,https://ocs.ca/products/espresso-tini-liquid-diamonds-510-thread-cartridge-pepe-espresso
Pepe,Lemon Freeze Live Resin 510 Thread Cartridge,Live Cartridges,Hydrocarbon,Rack and Tray,34.90,1g,75.000000,81.000000,6.000000,Indica Dominant,Alpha-Pinene,Medical Saints Ltd.,Ontario,in-store,Wholesale Only,False,lemon-freeze-live-resin-510-thread-cartridge-pepe-lemon-mintz-x-el-jefe-pink,https://ocs.ca/products/lemon-freeze-live-resin-510-thread-cartridge-pepe-lemon-mintz-x-el-jefe-pink
Pepe,Mjito Ice Liquid Diamonds 510 Thread Cartridge,Distillate Cartridges,CO2,Rack and Tray,39.60,1g,88.000000,94.000000,0.000000,Sativa Dominant,Beta-Caryophyllene,MEDICAL SAINTS LTD.,Ontario,in-store,Wholesale Only,False,mjito-ice-liquid-diamonds-510-thread-cartridge-pepe-mojito-ice,https://ocs.ca/products/mjito-ice-liquid-diamonds-510-thread-cartridge-pepe-mojito-ice
Platinum,Blue Razz Liquid Diamond 510 Thread Cartridge,CO2 Cartridges,Butane,Hang Dry,33.00,1g,97.000000,99.900000,1.000000,Indica Dominant,Caryophyllene,Emblem Cannabis Corporation,Ontario,in-store,Wholesale Only,False,blue-razz-liquid-diamond-510-thread-cartridge-platinum-1,https://ocs.ca/products/blue-razz-liquid-diamond-510-thread-cartridge-platinum-1
Platinum,Passionfruit GLTO Liquid Diamond 510 Thread Cartridge,Live Cartridges,Butane,Hang Dry,33.00,1g,95.000000,99.000000,1.000000,Hybrid,Caryophyllene,EMBLEM CANNABIS CORP.,Ontario,in-store,Wholesale Only,False,passionfruit-glto-liquid-diamond-510-thread-cartridge-platinum,https://ocs.ca/products/passionfruit-glto-liquid-diamond-510-thread-cartridge-platinum
Platinum,Pink Lemon Razz Liquid Diamond 510 Thread Cartridge,Distillate Cartridges,Butane,Hang Dry,33.00,1g,97.000000,99.900000,1.000000,Hybrid,Limonene,Emblem Cannabis Corporation,Ontario,in-store,Wholesale Only,False,pink-lemon-razz-liquid-diamond-510-thread-cartridge-platinum,https://ocs.ca/products/pink-lemon-razz-liquid-diamond-510-thread-cartridge-platinum
Platinum,Poppin' Peach Liquid Diamond 510 Thread Cartridge,Distillate Cartridges,Butane,Hang Dry,33.00,1g,97.000000,99.900000,1.000000,Sativa Dominant,Caryophyllene,Emblem Cannabis Corporation,Ontario,online,Shared,True,poppin-peach-liquid-diamond-510-thread-cartridge-platinum-1,https://ocs.ca/products/poppin-peach-liquid-diamond-510-thread-cartridge-platinum-1
Platinum,Viper's Venom Liquid Diamond 510 Thread Cartridge,CO2 Cartridges,Butane,Hang Dry,33.00,1g,97.000000,99.900000,1.000000,Indica Dominant,Caryophyllene,Emblem Cannabis Corporation,Ontario,online,Shared,True,vipers-venom-liquid-diamond-510-thread-cartridge-platinum-1,https://ocs.ca/products/vipers-venom-liquid-diamond-510-thread-cartridge-platinum-1
Platinum,White Rntz FSE Resin 510 Thread Cartridge,Resin Cartridges,Butane,,34.95,1g,75.000000,81.000000,1.000000,Sativa Dominant,Caryophyllene,EMBLEM CANNABIS CORP.,Ontario,in-store,Wholesale Only,False,astral-haze-fse-resin-510-thread-cartridge-platinum-space-cake,https://ocs.ca/products/astral-haze-fse-resin-510-thread-cartridge-platinum-space-cake
Port North,Full Spectrum Live Rosin Syrup,Rosin Cartridges,Water,Fresh Frozen,29.50,0.5g,65.000000,87.000000,5.000000,Hybrid,Alpha-Caryophyllene,LUNE RISE FARMS INC.,Ontario,in-store,Wholesale Only,False,triangle-kush-tk3k-full-spectrum-live-rosin-syrup-510-cart-port-north,https://ocs.ca/products/triangle-kush-tk3k-full-spectrum-live-rosin-syrup-510-cart-port-north
PORTAL,Lunar Lychee Liquid Diamond 510 Thread Cartridge,Resin Cartridges,Butane,Hang Dry,38.55,0.95g,95.000000,99.000000,1.000000,Indica Dominant,Alpha-Bisabolol,APHRIA INC.,Ontario,in-store,Wholesale Only,False,lunar-lychee-liquid-diamond-510-thread-cartridge-portal,https://ocs.ca/products/lunar-lychee-liquid-diamond-510-thread-cartridge-portal
Portal,Redshift Berry Lemonade Liquid Diamond 510 Thread Cartridge,Resin Cartridges,Butane,Hang Dry,38.55,0.95g,95.000000,99.000000,1.000000,Sativa Dominant,Alpha-Pinene,APHRIA INC.,Ontario,in-store,Wholesale Only,False,redshift-berry-lemonade-liquid-diamond-510-thread-cartridge-portal,https://ocs.ca/products/redshift-berry-lemonade-liquid-diamond-510-thread-cartridge-portal
PORTAL,Troppy Trip Liquid Diamond 510 Thread Cartridge,Resin Cartridges,Butane,Hang Dry,38.55,0.95g,95.000000,99.000000,1.000000,Sativa Dominant,Beta-Caryophyllene,APHRIA INC.,Ontario,online,Shared,True,sloppy-troppy-liquid-diamond-510-thread-cartridge-portal,https://ocs.ca/products/sloppy-troppy-liquid-diamond-510-thread-cartridge-portal
Pura Vida,Niagara Nuken Live Resin 510 Thread Cartridge,Resin Cartridges,Butane,Fresh Frozen,68.65,1g,78.000000,83.000000,1.000000,Indica Dominant,Caryophyllene,Heritage Cannabis West Corporation,Ontario,in-store,Wholesale Only,False,niagara-nuken-live-resin-510-thread-cartridge-pura-vida,https://ocs.ca/products/niagara-nuken-live-resin-510-thread-cartridge-pura-vida
Pura Vida,Pineapple Express Live Resin Cartridge,Resin Cartridges,Butane,Rack and Tray,29.95,1g,78.000000,84.000000,1.000000,Sativa Dominant,Terpenes May Vary,Heritage Cannabis West Corporation,British Columbia,online,Shared,True,pineapple-express-live-resin-cartridge-pura-vida,https://ocs.ca/products/pineapple-express-live-resin-cartridge-pura-vida
PURE ROSIN,Live Hash Rosin Vape - Strain Specific,Rosin Cartridges,Heat,,58.95,1g,71.000000,77.000000,3.000000,Sativa Dominant,Terpenes May Vary,719953 NB Inc. d.b.a. Greenherb Farms,New Brunswick,in-store,Wholesale Only,False,100-pure-rosin-sativa-510-thread-cartridge-greenherb,https://ocs.ca/products/100-pure-rosin-sativa-510-thread-cartridge-greenherb
Pure Sunfarms,Pink Kush Cured Resin Vape 510 Thread Cartridge,Resin Cartridges,Ethanol,Hang Dry,39.95,1g,80.000000,86.000000,1.000000,Indica Dominant,Caryophyllene,PURE SUNFARMS CANADA CORP.,British Columbia,in-store,Wholesale Only,False,pink-kush-cured-resin-vape-510-thread-cartridge-pure-sunfarms-og-kush-lineage,https://ocs.ca/products/pink-kush-cured-resin-vape-510-thread-cartridge-pure-sunfarms-og-kush-lineage
Purple Hills,95+ Liquid Diamonds – Creemore Royale 510 Thread Cartridge,Resin Cartridges,Butane,Fresh Frozen,34.95,1g,95.000000,98.000000,6.000000,Indica Dominant,Caryophyllene,Agripharm Corp,Ontario,online,Shared,True,95-liquid-diamonds-creemore-royale-510-thread-cartridge-purple-hills-creemore-royale,https://ocs.ca/products/95-liquid-diamonds-creemore-royale-510-thread-cartridge-purple-hills-creemore-royale
Purple Hills,95+ Liquid Diamonds – Orangeade 510 Thread Cartridge,Live Cartridges,Butane,Fresh Frozen,34.95,1g,95.000000,98.000000,2.000000,Sativa Dominant,Caryophyllene,Agripharm Corp,Ontario,in-store,Wholesale Only,False,95-liquid-diamonds-orangeade-510-thread-cartridge-purple-hills-orangeade,https://ocs.ca/products/95-liquid-diamonds-orangeade-510-thread-cartridge-purple-hills-orangeade
Purple Hills,Creemore Valley Kush Live Resin 510 Thread Cartridge,Resin Cartridges,Butane,,44.50,1g,69.000000,75.000000,2.000000,Indica Dominant,,Agripharm Corp,Ontario,in-store,Wholesale Only,False,creemore-valley-kush-live-resin-510-thread-cartridge-purple-hills,https://ocs.ca/products/creemore-valley-kush-live-resin-510-thread-cartridge-purple-hills
Purple Hills,Live Resin – Red Hot C. 510 Thread Cartridge,Live Cartridges,Butane,Fresh Frozen,44.50,1g,81.000000,87.000000,2.000000,Sativa Dominant,Caryophyllene,Agripharm Corp,Ontario,in-store,Wholesale Only,False,live-resin-red-hot-c-510-thread-cartridge-purple-hills-red-hot-cookies,https://ocs.ca/products/live-resin-red-hot-c-510-thread-cartridge-purple-hills-red-hot-cookies
Purple Hills,Live Resin – Gorilla Z. XL 510 Thread Cartridge,Live Cartridges,Hydrocarbon,Fresh Frozen,47.50,1.2g,74.000000,80.000000,6.000000,Indica Dominant,Caryophyllene,Agripharm Corp,Ontario,in-store,Wholesale Only,False,live-resin-gorilla-zkittles-xl-510-thread-cartridge-purple-hills-gorilla-zkittles,https://ocs.ca/products/live-resin-gorilla-zkittles-xl-510-thread-cartridge-purple-hills-gorilla-zkittles
Purple Hills,Orangeade Live Resin 510 Thread Cartridge,Live Cartridges,Butane,Fresh Frozen,44.50,1g,70.000000,76.000000,2.000000,Sativa Dominant,Caryophyllene,Agripharm Corp,Ontario,online,Shared,True,orangeade-live-resin-510-thread-cartridge-purple-hills,https://ocs.ca/products/orangeade-live-resin-510-thread-cartridge-purple-hills
Queen of Bud,Aventurine Liquid Crystals 510 Thread Cartridge,Resin Cartridges,Butane,Fresh Frozen,36.00,1g,96.000000,99.000000,4.000000,Sativa Dominant,Beta-Caryophyllene,CannaPiece Corp.,Ontario,in-store,Wholesale Only,False,qob-aventurine-liquid-crystals-510-thread-cartridge-queen-of-bud-aventurine,https://ocs.ca/products/qob-aventurine-liquid-crystals-510-thread-cartridge-queen-of-bud-aventurine
Queen of Bud,Blue Topaz Liquid Crystals 510 Thread Cartridge,Resin Cartridges,Butane,Fresh Frozen,39.95,1g,96.000000,99.000000,2.000000,Indica Dominant,Beta-Caryophyllene,CannaPiece Corp.,Ontario,in-store,Wholesale Only,False,blue-topaz-liquid-crystals-510-thread-cartridge-queen-of-bud-blue-topaz,https://ocs.ca/products/blue-topaz-liquid-crystals-510-thread-cartridge-queen-of-bud-blue-topaz
Queen of Bud,Red Jasper Liquid Crystals 510 Thread Cartridge,Resin Cartridges,Butane,Fresh Frozen,36.00,1g,96.000000,99.000000,4.000000,Hybrid,Beta-Caryophyllene,CannaPiece Corp.,Ontario,in-store,Wholesale Only,False,red-jasper-liquid-crystals-510-thread-cartridge-queen-of-bud-red-jasper,https://ocs.ca/products/red-jasper-liquid-crystals-510-thread-cartridge-queen-of-bud-red-jasper
Queen of Bud,Rose Quartz Liquid Crystals 510 Thread Cartridge,Resin Cartridges,Butane,Fresh Frozen,39.95,1g,96.000000,99.000000,2.000000,Sativa Dominant,Delta-Limonene,CannaPiece Corp.,Ontario,in-store,Wholesale Only,False,rose-quartz-liquid-crystals-510-thread-cartridge-queen-of-bud-rose-quartz,https://ocs.ca/products/rose-quartz-liquid-crystals-510-thread-cartridge-queen-of-bud-rose-quartz
Queen of Bud,Sunstone Liquid Crystals 510 Thread Cartridge,Resin Cartridges,Butane,Fresh Frozen,36.00,1g,96.000000,99.000000,4.000000,Indica Dominant,Beta-Caryophyllene,CannaPiece Corp.,Ontario,in-store,Wholesale Only,False,sunstone-liquid-crystals-510-thread-cartridge-queen-of-bud-sun-stone,https://ocs.ca/products/sunstone-liquid-crystals-510-thread-cartridge-queen-of-bud-sun-stone
Queen of the Underground,C Apple Live Resin 510 thread cartridge,Live Cartridges,Butane,Fresh Frozen,59.30,2g,45.000000,50.000000,1.000000,Sativa Dominant,Caryophyllene,Atlantic Cultivation Limited,Newfoundland and Labrador,in-store,Wholesale Only,False,c-apple-live-resin-510-thread-cartridge-queen-of-the-underground-candy-apple,https://ocs.ca/products/c-apple-live-resin-510-thread-cartridge-queen-of-the-underground-candy-apple
Qwest,Georgia Pi Live Resin 510 Thread Cartridge,Live Cartridges,Butane,Fresh Frozen,47.15,1g,74.000000,80.000000,2.000000,Hybrid,Caryophyllene,WestLeaf Labs LP,British Columbia,in-store,Wholesale Only,False,georgia-pi-live-resin-510-thread-cartridge-qwest-gellati-x-kush-mintz,https://ocs.ca/products/georgia-pi-live-resin-510-thread-cartridge-qwest-gellati-x-kush-mintz
Redecan,Amped Live Resin Blueberry DNTS 510 Thread Cartridge,Live Cartridges,Butane,Hang Dry,45.85,1g,89.000000,95.000000,6.000000,Hybrid,Alpha-Humulene,APHRIA INC.,Ontario,online,Shared,True,amped-live-resin-blueberry-dnts-510-thread-cartridge-redecan-blueberry-donuts,https://ocs.ca/products/amped-live-resin-blueberry-dnts-510-thread-cartridge-redecan-blueberry-donuts
Redecan,Amped Live Resin Space Age CK 510 Thread Cartridge,Live Cartridges,Butane,Hang Dry,45.85,1g,89.000000,95.000000,6.000000,Indica Dominant,Alpha-Humulene,APHRIA INC.,Ontario,online,Shared,True,amped-live-resin-space-age-ck-510-thread-cartridge-redecan-space-age-cake,https://ocs.ca/products/amped-live-resin-space-age-ck-510-thread-cartridge-redecan-space-age-cake
Ripped,Liquid Diamond Blood Orange Tangie 510 Thread Cartridge,Distillate Cartridges,Ethanol,,29.95,0.95g,95.000000,98.000000,1.000000,Indica Dominant,Beta-Caryophyllene,WEED ME INC,Ontario,in-store,Wholesale Only,False,blood-orange-tangie-510-thread-cartridge-ripped,https://ocs.ca/products/blood-orange-tangie-510-thread-cartridge-ripped
Ripped,Liquid Diamond Pink Grapefruit 510 Thread Cartridge,Distillate Cartridges,,,29.95,0.95g,95.000000,98.000000,1.000000,Sativa Dominant,Caryophyllene,WEED ME INC,Nunavut,in-store,Wholesale Only,False,pink-grapefruit-510-thread-cartridge-ripped,https://ocs.ca/products/pink-grapefruit-510-thread-cartridge-ripped
Ripped,Liquid Diamond Strawberry Banana 510 Thread Cartridge,Distillate Cartridges,Ethanol,,29.95,0.95g,95.000000,98.000000,6.000000,Hybrid,Terpenes May Vary,WEED ME INC,Ontario,in-store,Wholesale Only,False,ripped-in-rotation-510-thread-cartridge-ripped,https://ocs.ca/products/ripped-in-rotation-510-thread-cartridge-ripped
Riptides,Liquid Diamonds Feral Fizz - 510 Thread Cartridge,Resin Cartridges,CO2,Rack and Tray,36.20,1g,92.000000,98.000000,6.000000,Sativa Dominant,Limonene,CANADAS ISLAND GARDEN INC,Prince Edward Island,in-store,Wholesale Only,False,liquid-diamonds-feral-fizz-vp-510-thread-cartridge-riptides-feral-fizz,https://ocs.ca/products/liquid-diamonds-feral-fizz-vp-510-thread-cartridge-riptides-feral-fizz
Riptides,Liquid Diamonds Frozen Orchard - 510 Thread Cartridge,Distillate Cartridges,CO2,Rack and Tray,36.20,1g,92.000000,98.000000,6.000000,Sativa Dominant,Limonene,Canadas Island Garden Inc,Prince Edward Island,in-store,Wholesale Only,False,frozen-orchard-510-thread-cartridge-riptides,https://ocs.ca/products/frozen-orchard-510-thread-cartridge-riptides
Riptides,Liquid Diamonds Hula Hoots - 510 Thread Cartridge,Distillate Cartridges,CO2,Rack and Tray,36.20,1g,92.000000,98.000000,6.000000,Sativa Dominant,Caryophyllene,Canadas Island Garden Inc,Prince Edward Island,in-store,Wholesale Only,False,hula-hoots-510-thread-cartridge-riptides-hula-hoots,https://ocs.ca/products/hula-hoots-510-thread-cartridge-riptides-hula-hoots
Riptides,Liquid Diamonds Lime Cranfusion - 510 Thread Cartridge,Distillate Cartridges,CO2,Rack and Tray,36.20,1g,92.000000,98.000000,6.000000,Indica Dominant,Limonene,CANADAS ISLAND GARDEN INC,Prince Edward Island,in-store,Wholesale Only,False,lime-cranfusion-510-thread-cartridge-riptides-cranberry-lime,https://ocs.ca/products/lime-cranfusion-510-thread-cartridge-riptides-cranberry-lime
Roilty,Her Majesty's Melons Live Resin 510 Thread Cartridge,Live Cartridges,Butane,Fresh Frozen,43.50,1g,81.000000,87.000000,0.600000,Hybrid,Caryophyllene,ANC INC,Quebec,in-store,Wholesale Only,False,her-majestys-melons-live-resin-510-thread-cartridge-roilty-watermelon-zkittlez,https://ocs.ca/products/her-majestys-melons-live-resin-510-thread-cartridge-roilty-watermelon-zkittlez
Royal Cannabis Supply Co.,Death Bubba Diamonds 510 Thread Cartridge,Live Cartridges,,,39.30,1g,88.000000,92.000000,0.000000,Indica Dominant,Alpha-Bisabolol,Medz Cannabis Incorporated,Ontario,in-store,Wholesale Only,False,death-bubba-diamonds-510-thread-cartridge-royal-cannabis-supply-co,https://ocs.ca/products/death-bubba-diamonds-510-thread-cartridge-royal-cannabis-supply-co
Sauce Rosin Labs,Solventless Live Rosin Cart,Rosin Cartridges,Solventless,Fresh Frozen,44.90,0.5g,68.000000,74.000000,6.000000,Blend,Terpenes May Vary,Lady Jane Cannabis Ltd.,New Brunswick,in-store,Wholesale Only,False,solventless-live-rosin-cart-sauce-rosin-labs-1,https://ocs.ca/products/solventless-live-rosin-cart-sauce-rosin-labs-1
Sensimila,THCa Liquid Diamonds 510 Thread Cartridge,Distillate Cartridges,CO2,Fresh Frozen,37.40,1g,83.000000,90.000000,3.000000,Sativa Dominant,Farnesene,Sensi Brands Ltd.,Ontario,in-store,Wholesale Only,False,thca-liquid-diamonds-510-thread-cartridge-sensimila,https://ocs.ca/products/thca-liquid-diamonds-510-thread-cartridge-sensimila
Shed Boyz,Grape Nanuk Live Resin Vape 510 Thread Cartridge,Resin Cartridges,Butane,Fresh Frozen,47.30,1g,66.000000,74.000000,8.000000,Hybrid,Alpha-Humulene,Green Mountain Health Alliance Ltd.,British Columbia,in-store,Wholesale Only,False,grape-nanuk-live-resin-vape-510-thread-cartridge-shed-boyz-grape,https://ocs.ca/products/grape-nanuk-live-resin-vape-510-thread-cartridge-shed-boyz-grape
Shed Boyz,Jungle Mints Live Resin Vape 510 Thread Cartridge,Resin Cartridges,Butane,Fresh Frozen,47.30,1g,64.000000,74.000000,8.000000,Hybrid,Alpha-Humulene,Green Mountain Health Alliance Ltd.,British Columbia,in-store,Wholesale Only,False,jungle-mints-live-resin-vape-510-thread-cartridge-shed-boyz-jungle-mints-jungle-cake-and-la-kush-cake,https://ocs.ca/products/jungle-mints-live-resin-vape-510-thread-cartridge-shed-boyz-jungle-mints-jungle-cake-and-la-kush-cake
Shed Boyz,Lemon Rush Live Resin Vape 510 Thread Cartridge,Resin Cartridges,Butane,Fresh Frozen,47.30,1g,64.000000,74.000000,8.000000,Hybrid,Alpha-Humulene,Green Mountain Health Alliance Ltd.,British Columbia,in-store,Wholesale Only,False,lemon-rush-live-resin-vape-510-thread-cartridge-shed-boyz-lemonnade-lemon-og-and-gorilla-haze,https://ocs.ca/products/lemon-rush-live-resin-vape-510-thread-cartridge-shed-boyz-lemonnade-lemon-og-and-gorilla-haze
Shed Boyz,Sugar Shed Live Resin Vape 510 Thread Cartridge,Resin Cartridges,Butane,Fresh Frozen,47.30,1g,64.000000,74.000000,0.300000,Hybrid,Alpha-Humulene,Green Mountain Health Alliance Ltd.,British Columbia,in-store,Wholesale Only,False,sugar-shed-live-resin-vape-510-thread-cartridge-shed-boyz-candy-store-lemon-berry-candy-og-and-ethos-cookies-16,https://ocs.ca/products/sugar-shed-live-resin-vape-510-thread-cartridge-shed-boyz-candy-store-lemon-berry-candy-og-and-ethos-cookies-16
Sheeesh!,SMRF Liquid Diamonds 510 Thread Cartridge,Resin Cartridges,Ethanol,Hang Dry,31.95,1g,90.000000,96.000000,6.000000,Indica Dominant,Alpha-Pinene,Culture Kizos Inc.,Quebec,in-store,Wholesale Only,False,smrf-liquid-diamonds-510-thread-cartridge-sheeesh-smrf,https://ocs.ca/products/smrf-liquid-diamonds-510-thread-cartridge-sheeesh-smrf
Sherbinskis,Pink Sherbs Live Resin 510 Thread Cartridge,Live Cartridges,Butane,Fresh Frozen,47.00,1g,75.000000,81.000000,2.000000,Hybrid,Eudesmols,CannaPiece Corp.,Ontario,in-store,Wholesale Only,False,pink-sherbs-live-resin-510-thread-cartridge-sherbinskis,https://ocs.ca/products/pink-sherbs-live-resin-510-thread-cartridge-sherbinskis
Sherbinskis,True GLTO 33 Live Resin 510 Thread Cartridge,Live Cartridges,Butane,Fresh Frozen,47.00,1g,74.000000,80.000000,2.000000,Hybrid,Beta-Caryophyllene,FINAL BELL Corp.,Ontario,online,Shared,False,true-glto-33-live-resin-510-thread-cartridge-sherbinskis-true-glto,https://ocs.ca/products/true-glto-33-live-resin-510-thread-cartridge-sherbinskis-true-glto
Sixty Seven Sins,67 Artisan Reserve Cured Resin 510 Thread Cartridge,Resin Cartridges,Butane,Hang Dry,43.20,1g,74.000000,80.000000,1.000000,Indica Dominant,Alpha-Pinene,JNS Industries Inc.,Ontario,in-store,Wholesale Only,False,67-artisan-reserve-cured-resin-510-thread-cartridge-sixty-seven-sins,https://ocs.ca/products/67-artisan-reserve-cured-resin-510-thread-cartridge-sixty-seven-sins
Skullcrusher by RAD,Blue Razz - Melted Diamond Cartridge,Distillate Cartridges,CO2,Hang Dry,29.95,1g,92.000000,98.000000,1.000000,Indica Dominant,,Heritage Cannabis West Corporation,British Columbia,online,Shared,True,blue-razz-fuel-cell-510-thread-cartridge-rad-blue-razz,https://ocs.ca/products/blue-razz-fuel-cell-510-thread-cartridge-rad-blue-razz
Skullcrusher by RAD,Iced Orange - Melted Diamond 510 Thread Cartridge,Live Cartridges,Butane,Fresh Frozen,16.95,0.45g,93.000000,99.000000,1.000000,Sativa Dominant,Caryophyllene,Heritage Cannabis West Corporation,Ontario,in-store,Wholesale Only,False,iced-orange-melted-diamond-510-thread-cartridge,https://ocs.ca/products/iced-orange-melted-diamond-510-thread-cartridge
Skullcrusher by RAD,Iced Raspberry - Melted Diamond 510 Thread Cartridge,Resin Cartridges,Butane,Fresh Frozen,16.95,0.45g,93.000000,99.000000,1.000000,Hybrid,Limonene,Heritage Cannabis West Corporation,Ontario,online,Shared,True,iced-raspberry-melted-diamond-510-thread-cartridge-skullcrusher-70s-by-rad,https://ocs.ca/products/iced-raspberry-melted-diamond-510-thread-cartridge-skullcrusher-70s-by-rad
Solid Gold,Hybrid Liquid Diamonds Vape 510 Thread Cartridge - Maui Wowi,Resin Cartridges,Butane,,34.05,1g,87.000000,93.000000,5.000000,Hybrid,Terpenes May Vary,Aja Labs Inc.,British Columbia,in-store,Wholesale Only,False,hybrid-liquid-diamonds-vape-510-thread-cartridge-maui-wowi-solid-gold-maui-wowie,https://ocs.ca/products/hybrid-liquid-diamonds-vape-510-thread-cartridge-maui-wowi-solid-gold-maui-wowie
Solid Gold,INDICA LIQUID DIAMOND-PURPLE KUSH 510 THREAD CARTRIDGE,Resin Cartridges,Butane,,34.05,1g,87.000000,93.000000,5.000000,Indica Dominant,Terpenes May Vary,Aja Labs Inc.,British Columbia,in-store,Wholesale Only,False,indica-liquid-diamonds-vape-510-thread-cartridge-purple-kus-solid-gold-purple-kush,https://ocs.ca/products/indica-liquid-diamonds-vape-510-thread-cartridge-purple-kus-solid-gold-purple-kush
Solid Gold,SATIVA LIQUID DIAMOND-AMNESIA HAZE 510 THREAD CARTRIDGE,Resin Cartridges,Butane,,34.05,1g,87.000000,93.000000,5.000000,Sativa Dominant,Terpenes May Vary,Aja Labs Inc.,British Columbia,in-store,Wholesale Only,False,sativa-liquid-diamonds-vape-510-thread-cartridge-amnesia-ha-solid-gold-amnesia-haze,https://ocs.ca/products/sativa-liquid-diamonds-vape-510-thread-cartridge-amnesia-ha-solid-gold-amnesia-haze
Solid Gold Remix,HYBRID LIQUID DIAMOND-MANDARIN SUNSET 510 THREAD CARTRIDGE,Resin Cartridges,Butane,,34.05,1g,87.000000,93.000000,5.000000,Hybrid,Terpenes May Vary,Aja Labs Inc.,British Columbia,in-store,Wholesale Only,False,hybrid-liquid-diamonds-vape-510-thread-cartridge-mandarine-solid-gold-remix-mandarin-sunset,https://ocs.ca/products/hybrid-liquid-diamonds-vape-510-thread-cartridge-mandarine-solid-gold-remix-mandarin-sunset
Solid Gold Remix,Indica Liquid Diamonds Vape 510 Thread Cartridge- Vanilla Th,Resin Cartridges,Butane,,34.05,1g,89.000000,95.000000,5.000000,Indica Dominant,Terpenes May Vary,Aja Labs Inc.,British Columbia,in-store,Wholesale Only,False,indica-liquid-diamonds-vape-510-thread-cartridge-vanilla-th-solid-gold-remix-white-lightning,https://ocs.ca/products/indica-liquid-diamonds-vape-510-thread-cartridge-vanilla-th-solid-gold-remix-white-lightning
Solid Gold Remix,SATIVA LIQUID DIAMOND-LEMON DROP 510 THREAD CARTRIDGE,Resin Cartridges,Butane,,34.05,1g,87.000000,93.000000,5.000000,Sativa Dominant,Terpenes May Vary,Aja Labs Inc.,British Columbia,in-store,Wholesale Only,False,sativa-liquid-diamonds-vape-510-thread-cartridge-lemon-dro-solid-gold-remix-lemon-drop,https://ocs.ca/products/sativa-liquid-diamonds-vape-510-thread-cartridge-lemon-dro-solid-gold-remix-lemon-drop
Spinach,Blueberry Dynamite Liquid Diamonds Vape,Distillate Cartridges,Water,Hang Dry,34.95,1g,96.000000,99.000000,2.000000,Indica Dominant,,PEACE NATURALS PROJECT INC.,Ontario,online,Shared,True,blueberry-dynamite-510-thread-cartridge-spinach-blueberry,https://ocs.ca/products/blueberry-dynamite-510-thread-cartridge-spinach-blueberry
Spinach,Cherry Crush Liquid Diamonds 1g Vape,Distillate Cartridges,CO2,Hang Dry,34.95,1g,96.000000,99.000000,5.000000,Hybrid,Caryophyllene,PEACE NATURALS PROJECT INC.,Ontario,online,Shared,True,cherry-crush-vape-510-thread-cartridge-spinach-cherry-crush,https://ocs.ca/products/cherry-crush-vape-510-thread-cartridge-spinach-cherry-crush
Spinach,Galactic Grape 510 Thread Cartridge,Distillate Cartridges,CO2,Hang Dry,39.95,1.2g,83.300000,83.300000,6.000000,Hybrid,Limonene,PEACE NATURALS PROJECT INC.,Ontario,online,Shared,True,galactic-grape-510-thread-cartridge-spinach-grape-galaxy,https://ocs.ca/products/galactic-grape-510-thread-cartridge-spinach-grape-galaxy
Spinach,Mango Tango Liquid Diamonds 510 Thread Cartridge,Distillate Cartridges,Butane,Hang Dry,34.95,1g,96.000000,99.000000,6.000000,Sativa Dominant,Caryophyllene,PEACE NATURALS PROJECT INC.,Ontario,online,Shared,True,mango-tango-liquid-diamonds-510-thread-cartridge-spinach-tangie-x-true-og,https://ocs.ca/products/mango-tango-liquid-diamonds-510-thread-cartridge-spinach-tangie-x-true-og
Spinach,Orange Vanilla Twist Liquid Diamonds 510 Thread Cartridge,Distillate Cartridges,Butane,Hang Dry,34.95,1g,93.000000,99.000000,5.000000,Sativa Dominant,Limonene,PEACE NATURALS PROJECT INC.,Ontario,in-store,Wholesale Only,False,orange-vanilla-twist-liquid-diamonds-510-thread-cartridge-spinach-orange-crsh-x-blue-dream,https://ocs.ca/products/orange-vanilla-twist-liquid-diamonds-510-thread-cartridge-spinach-orange-crsh-x-blue-dream
Spinach,Pineapple Paradise Liquid Diamonds 1g Vape,Distillate Cartridges,CO2,Hang Dry,34.95,1g,96.000000,99.000000,5.000000,Sativa Dominant,,PEACE NATURALS PROJECT INC.,Ontario,online,Shared,True,pineapple-paradise-510-thread-cartridge-spinach,https://ocs.ca/products/pineapple-paradise-510-thread-cartridge-spinach
Spinach,Pink Bubba Liquid Diamonds 510 Thread Cartridge,Distillate Cartridges,Butane,Hang Dry,34.95,1g,93.000000,99.000000,6.000000,Indica Dominant,Caryophyllene,PEACE NATURALS PROJECT INC.,Ontario,online,Shared,True,pink-bubba-liquid-diamonds-510-thread-cartridge-spinach-pink-kush-x-bubba-kush,https://ocs.ca/products/pink-bubba-liquid-diamonds-510-thread-cartridge-spinach-pink-kush-x-bubba-kush
Spinach,Sweet Citrus Punch Liquid Diamonds 510 Thread Cartridge,Distillate Cartridges,CO2,Hang Dry,34.95,1g,93.000000,99.000000,2.000000,Sativa Dominant,Terpenes removed,PEACE NATURALS PROJECT INC.,Ontario,online,Shared,True,sweet-citrus-punch-liquid-diamonds-510-thread-cartridge-spinach-sour-tangie-x-clementine,https://ocs.ca/products/sweet-citrus-punch-liquid-diamonds-510-thread-cartridge-spinach-sour-tangie-x-clementine
Spinach,Sweet Green Apple Liquid Diamonds 510 Thread Cartridge,Live Cartridges,CO2,Hang Dry,34.95,1g,93.000000,99.000000,1.000000,Sativa Dominant,Terpenes May Vary,PEACE NATURALS PROJECT INC.,Ontario,in-store,Wholesale Only,False,sweet-green-apple-liquid-diamonds-vape-spinach,https://ocs.ca/products/sweet-green-apple-liquid-diamonds-vape-spinach
Spinach,Vanilla RNTZ Liquid Diamonds 510 Thread Cartridge,Resin Cartridges,CO2,Hang Dry,34.95,1g,93.000000,99.000000,1.000000,Hybrid,Terpenes removed,PEACE NATURALS PROJECT INC.,Ontario,online,Shared,True,vanilla-rntz-liquid-diamonds-510-thread-cartridge-spinach-vanilla-kush-x-rntz,https://ocs.ca/products/vanilla-rntz-liquid-diamonds-510-thread-cartridge-spinach-vanilla-kush-x-rntz
Sticky Greens,Baja Breeze Liquid Diamonds 510 Thread Cartridge,Distillate Cartridges,CO2,Rack and Tray,38.95,1g,92.000000,98.000000,1.000000,Sativa Dominant,Limonene,ORGANIGRAM INC.,Ontario,online,Shared,True,baja-breeze-liquid-diamonds-510-thread-cartridge-sticky-greens-baja-splash,https://ocs.ca/products/baja-breeze-liquid-diamonds-510-thread-cartridge-sticky-greens-baja-splash
Sticky Greens,Blue Shark - Liquid Diamonds 510 Thread Cartridge,Distillate Cartridges,CO2,Rack and Tray,38.95,1g,92.000000,98.000000,2.000000,Sativa Dominant,Delta-Limonene,ORGANIGRAM INC.,Ontario,online,Shared,True,blue-shark-liquid-diamonds-510-thread-cartridge-sticky-greens,https://ocs.ca/products/blue-shark-liquid-diamonds-510-thread-cartridge-sticky-greens
Sticky Greens,Electric Green Frog Liquid Diamonds 97+ 510 Thread Cartridge,CO2 Cartridges,CO2,Rack and Tray,39.95,0.95g,92.500000,98.500000,2.000000,Sativa Dominant,Citral,ORGANIGRAM INC.,New Brunswick,in-store,Wholesale Only,False,electric-green-frog-pure-diamonds-97-v-510-thread-cartridge-sticky-greens,https://ocs.ca/products/electric-green-frog-pure-diamonds-97-v-510-thread-cartridge-sticky-greens
Sticky Greens,Golden CRML Liquid Diamond 510 Thread Cartridge,Resin Cartridges,CO2,Rack and Tray,41.95,0.95g,92.500000,98.500000,2.000000,Indica Dominant,Caryophyllene,ORGANIGRAM INC.,New Brunswick,online,Shared,True,golden-crml-liquid-diamond-510-thread-cartridge-sticky-greens,https://ocs.ca/products/golden-crml-liquid-diamond-510-thread-cartridge-sticky-greens
Sticky Greens,Red Razzleberry Liquid Diamond 510 Thread Cartridge,CO2 Cartridges,CO2,Rack and Tray,38.95,1g,92.000000,98.000000,6.000000,Indica Dominant,Beta-Caryophyllene,ORGANIGRAM INC.,Ontario,in-store,Wholesale Only,False,red-razzleberry-liquid-diamond-510-thread-cartridge-sticky-greens,https://ocs.ca/products/red-razzleberry-liquid-diamond-510-thread-cartridge-sticky-greens
Sticky Greens,Rocket Bomb OG Pure Diamonds 97+ Vape 510 Thread Cartridge,CO2 Cartridges,CO2,Rack and Tray,39.95,0.95g,92.500000,98.500000,2.000000,Sativa Dominant,Alpha-Pinene,ORGANIGRAM INC.,New Brunswick,in-store,Wholesale Only,False,rocket-bomb-og-pure-diamonds-97-vape-510-thread-cartridge-sticky-greens,https://ocs.ca/products/rocket-bomb-og-pure-diamonds-97-vape-510-thread-cartridge-sticky-greens
Sticky Greens,The Twizz - Liquid Diamond 510 Thread Cartridge,Distillate Cartridges,Butane,Rack and Tray,31.95,1g,92.000000,98.000000,2.000000,Sativa Dominant,Delta-Limonene,ORGANIGRAM INC.,Ontario,in-store,Wholesale Only,False,the-twizz-liquid-diamond-blend-510-thread-cartridge-sticky-greens-the-twizz,https://ocs.ca/products/the-twizz-liquid-diamond-blend-510-thread-cartridge-sticky-greens-the-twizz
Super Toast,Lime Sublime Liquid Diamonds 510 Thread Cartridge,CO2 Cartridges,CO2,Hang Dry,39.95,1g,93.000000,99.000000,1.000000,Sativa Dominant,Terpenes May Vary,PURE SUNFARMS CANADA CORP.,British Columbia,in-store,Wholesale Only,False,lime-sublime-liquid-diamonds-510-thread-cartridge-super-toast,https://ocs.ca/products/lime-sublime-liquid-diamonds-510-thread-cartridge-super-toast
Super Toast,Mango Ice Liquid Diamonds 510 Thread Cartridge,CO2 Cartridges,CO2,Hang Dry,39.95,1g,93.000000,99.000000,1.000000,Indica Dominant,Terpenes May Vary,PURE SUNFARMS CANADA CORP.,British Columbia,in-store,Wholesale Only,False,mango-ice-liquid-diamonds-510-thread-cartridge-super-toast,https://ocs.ca/products/mango-ice-liquid-diamonds-510-thread-cartridge-super-toast
Super Toast,Passionfruit Salute Liquid Diamonds 510 Thread Cartridge,CO2 Cartridges,CO2,Hang Dry,39.95,1g,93.000000,99.000000,1.000000,Sativa Dominant,Terpenes removed,PURE SUNFARMS CANADA CORP.,British Columbia,online,Shared,True,passionfruit-salute-liquid-diamonds-510-thread-cartridge-super-toast,https://ocs.ca/products/passionfruit-salute-liquid-diamonds-510-thread-cartridge-super-toast
Super Toast,Sour Granny Apple Liquid Diamonds 510 Thread Cartridge,Live Cartridges,CO2,Hang Dry,39.95,1g,93.000000,99.000000,1.000000,Sativa Dominant,Terpenes May Vary,PURE SUNFARMS CANADA CORP.,British Columbia,online,Shared,True,sour-granny-apple-liquid-diamonds-510-thread-cartridge-super-toast-god-bud-x-black-cherry-punch,https://ocs.ca/products/sour-granny-apple-liquid-diamonds-510-thread-cartridge-super-toast-god-bud-x-black-cherry-punch
Super Toast,Strawberry Ice Liquid Diamonds 510 Thread Cartridge,CO2 Cartridges,CO2,Hang Dry,39.95,1g,93.000000,99.000000,1.000000,Sativa Dominant,Terpenes May Vary,PURE SUNFARMS CANADA CORP.,British Columbia,in-store,Wholesale Only,False,strawberry-ice-liquid-diamonds-510-thread-cartridge-super-toast,https://ocs.ca/products/strawberry-ice-liquid-diamonds-510-thread-cartridge-super-toast
Super Toast,Tropical Smoothie Liquid Diamonds 510 Thread Cartridge,Live Cartridges,CO2,Hang Dry,39.95,1g,93.000000,99.000000,1.000000,Sativa Dominant,Terpenes May Vary,PURE SUNFARMS CANADA CORP.,British Columbia,in-store,Wholesale Only,False,tropical-smoothie-liquid-diamonds-510-thread-cartridge-super-toast,https://ocs.ca/products/tropical-smoothie-liquid-diamonds-510-thread-cartridge-super-toast
Super Toast,Watermelon Liquid Diamonds Vape,CO2 Cartridges,CO2,Hang Dry,39.95,1g,93.000000,99.000000,1.000000,Indica Dominant,Terpenes removed,PURE SUNFARMS CANADA CORP.,British Columbia,online,Shared,True,watermelon-felon-liquid-diamonds-510-thread-cartridge-super-toast,https://ocs.ca/products/watermelon-felon-liquid-diamonds-510-thread-cartridge-super-toast
Syrup,Little Tokyo Live Terp Syrup 510 Thread Cartridge,Live Cartridges,Butane,Rack and Tray,59.90,2g,50.000000,50.000000,18.000000,Hybrid,Linalool,Leisure Club Inc.,Ontario,in-store,Wholesale Only,False,little-tokyo-live-terp-syrup-510-thread-cartridge-syrup-little-tokyo,https://ocs.ca/products/little-tokyo-live-terp-syrup-510-thread-cartridge-syrup-little-tokyo
Syrup,Velvet Lightning Live Terp Syrup Cartridge,Live Cartridges,Butane,Rack and Tray,28.50,0.95g,68.000000,74.000000,1.000000,Indica Dominant,Caryophyllene,Leisure Club Inc.,Ontario,in-store,Wholesale Only,False,velvet-lightning-live-terp-syrup-cartridge-syrup-velvet-lightning,https://ocs.ca/products/velvet-lightning-live-terp-syrup-cartridge-syrup-velvet-lightning
Tasty's,Cherry Liquid Diamond 510 Vape,Distillate Cartridges,,,40.95,1.2g,80.000000,83.000000,1.000000,Indica Dominant,Beta-Caryophyllene,,,in-store,Wholesale Only,False,cherry-liquid-diamond-510-vape-tastys-cherry,https://ocs.ca/products/cherry-liquid-diamond-510-vape-tastys-cherry
The Goo!,GOO-CART! Live Rosin Vape 510 Thread Cartridge,Rosin Cartridges,Water,Fresh Frozen,33.00,0.5g,67.000000,73.000000,5.000000,Hybrid,Terpenes May Vary,2400753 Alberta Ltd. d.b.a. Crop Circle Cannabis,British Columbia,in-store,Wholesale Only,False,goo-cart-live-rosin-vape-510-thread-cartridge-the-goo,https://ocs.ca/products/goo-cart-live-rosin-vape-510-thread-cartridge-the-goo
The Loud Plug,Apple Frtz 96+ Liquid Diamonds 510 Thread Cartridge,Distillate Cartridges,CO2,Hang Dry,34.40,1g,96.000000,99.000000,6.000000,Hybrid,Alpha-Humulene,Canadian Clinical Cannabinoids Inc.,Ontario,in-store,Wholesale Only,False,apple-fritter-liquid-diamonds-510-thread-cartridge-96-the-loud-plug,https://ocs.ca/products/apple-fritter-liquid-diamonds-510-thread-cartridge-96-the-loud-plug
The Loud Plug,Cocolicious Liquid Diamonds 510 Thread Cartridge,Distillate Cartridges,CO2,Hang Dry,38.30,1.2g,77.000000,83.000000,6.000000,Hybrid,Myrcene,Canadian Clinical Cannabinoids Inc.,Ontario,in-store,Wholesale Only,False,cocolicious-510-thread-cartridge-the-loud-plug-dulce-de-leche,https://ocs.ca/products/cocolicious-510-thread-cartridge-the-loud-plug-dulce-de-leche
The Loud Plug,Drippyz Coco Freeze Liquid Diamonds 510 Thread Cartridge,Live Cartridges,CO2,Hang Dry,36.35,1g,96.000000,99.000000,10.000000,Hybrid,Alpha-Humulene,Canadian Clinical Cannabinoids Inc.,Ontario,in-store,Wholesale Only,False,pina-colada-liquid-diamonds-510-thread-cartridge-the-loud-plug-gelato,https://ocs.ca/products/pina-colada-liquid-diamonds-510-thread-cartridge-the-loud-plug-gelato
The Loud Plug,Exotic Gas Live Resin 510 Thread Cartridge,Resin Cartridges,Butane,Hang Dry,43.20,1g,83.000000,89.000000,5.000000,Indica Dominant,Alpha-Myrcene,Canadian Clinical Cannabinoids Inc.,Ontario,online,Shared,True,exotic-gas-live-resin-510-thread-cartridge-the-loud-plug-pink-cookies,https://ocs.ca/products/exotic-gas-live-resin-510-thread-cartridge-the-loud-plug-pink-cookies
The Loud Plug,Frosted Swirl Live Resin 510 Thread Cartridge,Resin Cartridges,Butane,Hang Dry,43.20,1g,83.000000,89.000000,5.000000,Indica Dominant,Alpha-Humulene,Canadian Clinical Cannabinoids Inc.,Ontario,online,Shared,True,banana-cream-pie-live-resin-510-thread-cartridge-terp-gush-banana-kush,https://ocs.ca/products/banana-cream-pie-live-resin-510-thread-cartridge-terp-gush-banana-kush
The Loud Plug,Lemon GLTO Live Resin 510 Thread Cartridge,Live Cartridges,Butane,Fresh Frozen,36.35,1g,83.000000,89.000000,10.000000,Indica Dominant,Alpha-Humulene,Canadian Clinical Cannabinoids Inc.,Ontario,in-store,Wholesale Only,False,lemon-glto-live-resin-510-thread-cartridge-the-loud-plug-gsc-x-cherry-pie,https://ocs.ca/products/lemon-glto-live-resin-510-thread-cartridge-the-loud-plug-gsc-x-cherry-pie
The Loud Plug,Terp Gush Lemon Sherb 510 Vape,Live Cartridges,Butane,Fresh Frozen,33.40,1g,83.000000,89.000000,5.000000,Hybrid,Alpha-Humulene,Canadian Clinical Cannabinoids Inc.,Ontario,in-store,Wholesale Only,False,lemon-fantasy-live-resin-510-thread-cartridge-terp-gush-lemon-cookies,https://ocs.ca/products/lemon-fantasy-live-resin-510-thread-cartridge-terp-gush-lemon-cookies
The Loud Plug,Venom OG Live Resin Cart,Live Cartridges,Butane,Fresh Frozen,54.05,1g,82.000000,88.000000,6.000000,Indica Dominant,Limonene,Canadian Clinical Cannabinoids Inc.,Ontario,online,Shared,True,venom-og-live-resin-cart-the-loud-plug-venom-og-x-trainwreck,https://ocs.ca/products/venom-og-live-resin-cart-the-loud-plug-venom-og-x-trainwreck
Tribal,Bubble Up Live Resin 510 Thread Cartridge,Live Cartridges,Butane,Hang Dry,44.95,1g,73.000000,79.000000,0.000000,Indica Dominant,Caryophyllene,Cannara Biotech (Quebec) Inc.,Quebec,online,Shared,True,bubble-up-live-resin-510-thread-cartridge-tribal-bubble-up,https://ocs.ca/products/bubble-up-live-resin-510-thread-cartridge-tribal-bubble-up
Tribal,Cuban Linx Live Resin 510 Thread Cartridge,Live Cartridges,Butane,Fresh Frozen,44.95,1g,74.000000,80.000000,1.000000,Sativa Dominant,Caryophyllene,Cannara Biotech (Quebec) Inc.,Quebec,online,Shared,True,cuban-linx-live-resin-510-thread-cartridge-tribal,https://ocs.ca/products/cuban-linx-live-resin-510-thread-cartridge-tribal
Tribal,G Mint Live Resin 510 Thread Cartridge,Live Cartridges,Butane,Hang Dry,44.95,1g,72.000000,78.000000,2.000000,Indica Dominant,,Cannara Biotech (Quebec) Inc.,Quebec,online,Shared,True,g-mint-live-resin-510-thread-cartridge-tribal,https://ocs.ca/products/g-mint-live-resin-510-thread-cartridge-tribal
Tribal,GT Live Resin 510 Vape,Live Cartridges,Butane,Hang Dry,44.95,1g,83.000000,89.000000,6.000000,Indica Dominant,Caryophyllene,Cannara Biotech (Quebec) Inc.,Quebec,in-store,Wholesale Only,False,gran-turismo-live-resin-510-thread-cartridge-tribal-motorbreath-x-lemon-cherry-gelato,https://ocs.ca/products/gran-turismo-live-resin-510-thread-cartridge-tribal-motorbreath-x-lemon-cherry-gelato
Tribal,Galactic Rntz 510 Thread Cartridge,Live Cartridges,Butane,Fresh Frozen,44.95,1g,75.000000,81.000000,1.000000,Indica Dominant,Caryophyllene,Cannara Biotech (Quebec) Inc.,Quebec,online,Shared,True,galactic-rntz-510-thread-cartridge-tribal-galactic-rntz,https://ocs.ca/products/galactic-rntz-510-thread-cartridge-tribal-galactic-rntz
Tribal,JIGGLERS LIVE RESIN 510 Thread Cartridge,Live Cartridges,Butane,,44.95,1g,72.000000,78.000000,2.000000,Sativa Dominant,Caryophyllene,Cannara Biotech (Quebec) Inc.,Quebec,in-store,Wholesale Only,False,jigglers-live-resin-510-thread-cartridge-tribal,https://ocs.ca/products/jigglers-live-resin-510-thread-cartridge-tribal
Tribal,Neon Sunshine Live Resin 510 Thread Cartridge,Live Cartridges,Butane,Hang Dry,44.95,1g,76.000000,82.000000,1.000000,Hybrid,Caryophyllene,Cannara Biotech (Quebec) Inc.,Quebec,online,Shared,True,neon-sunshine-live-resin-510-thread-cartridge-tribal-neon-sunshine,https://ocs.ca/products/neon-sunshine-live-resin-510-thread-cartridge-tribal-neon-sunshine
Tribal,Porto Leche Live Resin 510 Thread Cartridge,Live Cartridges,Butane,,44.95,1g,75.000000,81.000000,6.000000,Hybrid,Caryophyllene,Cannara Biotech (Quebec) Inc.,Quebec,online,Shared,True,porto-leche-live-resin-510-thread-cartridge-tribal-oreoz-x-grape-jubilee,https://ocs.ca/products/porto-leche-live-resin-510-thread-cartridge-tribal-oreoz-x-grape-jubilee
Tribal,Power Sherb Live Resin 510 Thread Cartridge,Live Cartridges,Butane,Not Applicable,44.95,1g,74.000000,80.000000,1.000000,Indica Dominant,Caryophyllene,Cannara Biotech (Quebec) Inc.,Quebec,in-store,Wholesale Only,False,power-sherb-live-resin-510-thread-cartridge-tribal-power-sherb,https://ocs.ca/products/power-sherb-live-resin-510-thread-cartridge-tribal-power-sherb
Tribal,Terple Live Resin 510 Thread Cartridge,Live Cartridges,Butane,Hang Dry,44.95,1g,75.000000,81.000000,1.000000,Hybrid,Caryophyllene,Cannara Biotech (Quebec) Inc.,Quebec,in-store,Wholesale Only,False,terple-live-resin-510-thread-cartridge-tribal-terple,https://ocs.ca/products/terple-live-resin-510-thread-cartridge-tribal-terple
Tribal,Triple Burger Live Resin 510 Thread Cartridge,Live Cartridges,Butane,Fresh Frozen,44.95,1g,73.000000,79.000000,2.000000,Indica Dominant,Caryophyllene,Cannara Biotech (Quebec) Inc.,Quebec,online,Shared,True,triple-burger-live-resin-510-thread-cartridge-tribal,https://ocs.ca/products/triple-burger-live-resin-510-thread-cartridge-tribal
Trippy Sips,Guava Kiwitopia - Liquid Diamond Blend Vape,Distillate Cartridges,CO2,Rack and Tray,35.95,0.95g,92.000000,98.000000,2.000000,Sativa Dominant,Beta-Caryophyllene,ORGANIGRAM INC.,Ontario,in-store,Wholesale Only,False,guava-kiwitopia-liquid-diamond-blend-vape-trippy-sips-guava-kiwitopia,https://ocs.ca/products/guava-kiwitopia-liquid-diamond-blend-vape-trippy-sips-guava-kiwitopia
Trippy Sips,Lychee Pink Lemonade Liquid Diamonds 97+ Vape 510 Cartridge,Live Cartridges,Butane,Rack and Tray,39.95,0.95g,92.000000,98.000000,2.000000,Sativa Dominant,Beta-Myrcene,ORGANIGRAM INC.,New Brunswick,in-store,Wholesale Only,False,lychee-pink-lemonade-pure-diamonds-97-510-thread-cartridge-trippy-sips,https://ocs.ca/products/lychee-pink-lemonade-pure-diamonds-97-510-thread-cartridge-trippy-sips
Trippy Sips,Mango Fusion Liquid Diamonds 97+ 510 Thread Cartridge,CO2 Cartridges,CO2,Rack and Tray,39.95,0.95g,92.500000,98.500000,2.000000,Sativa Dominant,Citral,ORGANIGRAM INC.,New Brunswick,in-store,Wholesale Only,False,mango-fusion-pure-diamonds-97-510-thread-cartridge-trippy-sips,https://ocs.ca/products/mango-fusion-pure-diamonds-97-510-thread-cartridge-trippy-sips
Trippy Sips,Space Berry Splash Liquid Diamonds 97+ Vape 510 Cartridge,Live Cartridges,Butane,Rack and Tray,39.95,0.95g,92.500000,98.500000,2.000000,Indica Dominant,Beta-Caryophyllene,ORGANIGRAM INC.,New Brunswick,in-store,Wholesale Only,False,space-berry-splash-pure-diamonds-97-va-510-thread-cartridge-trippy-sips,https://ocs.ca/products/space-berry-splash-pure-diamonds-97-va-510-thread-cartridge-trippy-sips
Trippy Sips,Watermelon Drip Pure Diamonds 97+ 510 Thread Cartridge,Resin Cartridges,CO2,Rack and Tray,39.95,0.95g,96.000000,98.500000,2.000000,Indica Dominant,Beta-Caryophyllene,ORGANIGRAM INC.,New Brunswick,in-store,Wholesale Only,False,watermelon-drip-liquid-diamond-prefille-510-thread-cartridge-trippy-sips,https://ocs.ca/products/watermelon-drip-liquid-diamond-prefille-510-thread-cartridge-trippy-sips
Tweed,Sour Raspberry Liquid Diamonds 510 Thread Cartridge,Resin Cartridges,Butane,Hang Dry,33.00,0.95g,95.000000,99.000000,4.000000,Hybrid,Caryophyllene,Tweed Inc.,Ontario,in-store,Wholesale Only,False,sour-raspberry-liquid-diamonds-510-thread-cartridge-tweed-sour-raspberry,https://ocs.ca/products/sour-raspberry-liquid-diamonds-510-thread-cartridge-tweed-sour-raspberry
Vape Breton,Purple Haze Live Resin 510 Thread Cartridge,Resin Cartridges,Butane,Rack and Tray,44.45,1g,84.000000,90.000000,10.000000,Sativa Dominant,Alpha-Humulene,Heritage Cannabis West Corporation,Ontario,in-store,Wholesale Only,False,purple-haze-live-resin-510-thread-cartridge-vape-breton,https://ocs.ca/products/purple-haze-live-resin-510-thread-cartridge-vape-breton
VERO,Bussin Blue Razz Live Liquid Diamond POSTLESS Vape Cart,Resin Cartridges,Butane,Hang Dry,43.70,1g,90.000000,96.000000,0.300000,Indica Dominant,Caryophyllene,1998643 ALBERTA LTD O/A STIGMA GROW,Alberta,in-store,Wholesale Only,False,bussin-blue-razz-live-liquid-diamond-postless-vape-cart-vero-blue-raspberry,https://ocs.ca/products/bussin-blue-razz-live-liquid-diamond-postless-vape-cart-vero-blue-raspberry
VERO,Jolly Farmer Live Liquid Diamond POSTLE 510 Thread Cartridge,Live Cartridges,Butane,Hang Dry,43.70,1g,90.000000,96.000000,0.300000,Sativa Dominant,Limonene,1998643 ALBERTA LTD O/A STIGMA GROW,Alberta,in-store,Wholesale Only,False,jolly-farmer-live-liquid-diamond-postle-510-thread-cartridge-vero-jolly-rancher,https://ocs.ca/products/jolly-farmer-live-liquid-diamond-postle-510-thread-cartridge-vero-jolly-rancher
VERO,Peach Perfect Live Liquid Diamond POSTLESS Vape Cart,Resin Cartridges,Butane,Hang Dry,43.70,1g,90.000000,96.000000,0.300000,Sativa Dominant,Caryophyllene,1998643 ALBERTA LTD O/A STIGMA GROW,Alberta,in-store,Wholesale Only,False,peach-perfect-live-liquid-diamond-poste-510-thread-cartridge-vero-peach-mimosa,https://ocs.ca/products/peach-perfect-live-liquid-diamond-poste-510-thread-cartridge-vero-peach-mimosa
VERO,Rocket Bomb Live Liquid Diamond POSTLESS Vape Cart,Resin Cartridges,Butane,Hang Dry,43.70,1g,90.000000,96.000000,0.300000,Indica Dominant,Caryophyllene,1998643 ALBERTA LTD O/A STIGMA GROW,Alberta,in-store,Wholesale Only,False,rocket-bomb-live-liquid-diamond-postless-vape-cart-vero-rocket-pop,https://ocs.ca/products/rocket-bomb-live-liquid-diamond-postless-vape-cart-vero-rocket-pop
Versus,BC Purple Kush Full Spectrum 510 Thread Cartridge,CO2 Cartridges,CO2,Rack and Tray,35.95,1.2g,77.000000,83.000000,6.000000,Indica Dominant,Caryophyllene,Valens Agritech Ltd.,Ontario,online,Shared,False,bc-purple-kush-full-spectrum-510-thread-cartridge-versus-purple-kush,https://ocs.ca/products/bc-purple-kush-full-spectrum-510-thread-cartridge-versus-purple-kush
Versus,MBDK Full Spectrum 510 Thread Cartridge,Resin Cartridges,Butane,Hang Dry,35.95,1.2g,77.000000,83.000000,2.000000,Sativa Dominant,Myrcene,Valens Agritech Ltd.,British Columbia,in-store,Wholesale Only,False,mbdk-full-spectrum-510-thread-cartridge-versus,https://ocs.ca/products/mbdk-full-spectrum-510-thread-cartridge-versus
Versus,Neon Rush Bolt Liquid Diamonds 510 Vape Cartridge,Distillate Cartridges,Ethanol,Rack and Tray,36.95,1g,96.000000,98.000000,2.000000,Sativa Dominant,Caryophyllene,Valens Agritech Ltd.,Ontario,online,Shared,True,neon-rush-bolt-liquid-diamonds-510-vape-cartridge-versus,https://ocs.ca/products/neon-rush-bolt-liquid-diamonds-510-vape-cartridge-versus
Versus,Neon Rush Cali Blast Liquid Diamonds 510 Vape Cartridge,Distillate Cartridges,Ethanol,Rack and Tray,36.95,1g,90.000000,96.000000,2.000000,Sativa Dominant,Caryophyllene,Valens Agritech Ltd.,Ontario,online,Shared,True,neon-rush-cali-blast-liquid-diamonds-510-vape-cartridge-versus,https://ocs.ca/products/neon-rush-cali-blast-liquid-diamonds-510-vape-cartridge-versus
Versus,Neon Rush Liquid Diamonds 510 Thread Cartridge,Distillate Cartridges,Butane,Rack and Tray,36.95,1g,90.000000,96.000000,2.000000,Sativa Dominant,Limonene,Valens Agritech Ltd.,Ontario,online,Shared,True,neon-rush-510-thread-cartridge-versus,https://ocs.ca/products/neon-rush-510-thread-cartridge-versus
Versus,Neon Rush Phantom Dark Liquid Diamonds 510 Thread Cartridge,Resin Cartridges,Butane,Hang Dry,36.95,1g,90.000000,96.000000,2.000000,Indica Dominant,Limonene,Valens Agritech Ltd.,British Columbia,in-store,Wholesale Only,False,neon-rush-phantom-dark-liquid-diamonds-510-thread-cartridge-versus,https://ocs.ca/products/neon-rush-phantom-dark-liquid-diamonds-510-thread-cartridge-versus
Versus,Paradise Punch Liquid Diamonds 510 Vape Cartridge,Live Cartridges,Butane,Rack and Tray,36.95,1g,90.000000,96.000000,2.000000,Sativa Dominant,Limonene,Valens Agritech Ltd.,Ontario,in-store,Wholesale Only,False,paradise-punch-liquid-diamonds-510-vape-cartridge-versus,https://ocs.ca/products/paradise-punch-liquid-diamonds-510-vape-cartridge-versus
Versus,Tropic OG Liquid Diamonds 510 Vape Cartridge,Live Cartridges,Butane,Rack and Tray,36.95,1g,90.000000,96.000000,2.000000,Indica Dominant,Caryophyllene,Valens Agritech Ltd.,Ontario,online,Shared,True,tropic-og-liquid-diamonds-510-vape-cartridge-versus,https://ocs.ca/products/tropic-og-liquid-diamonds-510-vape-cartridge-versus
Weed Me Max,Liquid Diamond Key Lime 510 Thread Cartridge,Distillate Cartridges,Ethanol,,46.45,1g,95.000000,98.000000,1.000000,Sativa Dominant,Alpha-Terpineol,WEED ME INC,Ontario,in-store,Wholesale Only,False,liquid-diamond-key-lime-510-thread-cartridge-weed-me-max,https://ocs.ca/products/liquid-diamond-key-lime-510-thread-cartridge-weed-me-max
Weed Me Max,Liquid Diamond Lemon Lime Slush 510 Thread Cartridge,Distillate Cartridges,Ethanol,,42.25,1g,95.000000,99.000000,1.000000,Sativa Dominant,Alpha-Humulene,WEED ME INC,Ontario,online,Shared,True,liquid-diamond-lemon-lime-slush-510-thread-cartridge-weed-me-max,https://ocs.ca/products/liquid-diamond-lemon-lime-slush-510-thread-cartridge-weed-me-max
Weed Me Max,Liquid Diamond Mango Blueberry 510 Thread Cartridge,Distillate Cartridges,Ethanol,,42.25,1g,95.000000,98.000000,1.000000,Hybrid,Alpha-Pinene,WEED ME INC,Ontario,online,Shared,True,liquid-diamond-mango-blueberry-slush-510-thread-cartridge-weed-me-max,https://ocs.ca/products/liquid-diamond-mango-blueberry-slush-510-thread-cartridge-weed-me-max
Weed Me Max,Liquid Diamond Seedless Grape 510 Thread Cartridge,Distillate Cartridges,Ethanol,,42.25,1g,95.000000,98.000000,1.000000,Indica Dominant,Bisabolol,WEED ME INC,Ontario,online,Shared,True,liquid-diamond-seedless-grape-510-thread-cartridge-weed-me-max,https://ocs.ca/products/liquid-diamond-seedless-grape-510-thread-cartridge-weed-me-max
Weed Me Max,Liquid Diamond White Peach 510 Thread Cartridge,Distillate Cartridges,Ethanol,,42.25,1g,96.000000,99.000000,1.000000,Indica Dominant,Terpenes May Vary,WEED ME INC,Ontario,in-store,Wholesale Only,False,liquid-diamond-white-peach-510-thread-cartridge-weed-me-max,https://ocs.ca/products/liquid-diamond-white-peach-510-thread-cartridge-weed-me-max
Weed Me Max,Liquid Diamonds Huckleberry Haze 510 Thread Cartridge,Distillate Cartridges,Ethanol,,46.45,1g,95.000000,98.000000,1.000000,Sativa Dominant,Alpha-Humulene,WEED ME INC,Ontario,online,Shared,True,liquid-diamonds-huckleberry-haze-510-thread-cartridge-weed-me-max,https://ocs.ca/products/liquid-diamonds-huckleberry-haze-510-thread-cartridge-weed-me-max
Weed Me Max,Mac Diamond Live Resin 510 Thread Cartridge,Live Cartridges,Ethanol,,52.00,1g,90.000000,95.000000,1.000000,Hybrid,Terpenes May Vary,WEED ME INC,Ontario,in-store,Wholesale Only,False,mac-diamond-live-resin-510-thread-cartridge-weed-me-max-mac-10,https://ocs.ca/products/mac-diamond-live-resin-510-thread-cartridge-weed-me-max-mac-10
Wild West,96+ Blueberry Bronco Liquid Diamonds 510,Distillate Cartridges,Ethanol,Fresh Frozen,36.00,0.95g,97.000000,100.000000,2.000000,Indica Dominant,Beta-Caryophyllene,CannaPiece Corp.,Ontario,online,Shared,True,blueberry-bronco-92-510-thread-cartridge-wild-west-blueberry-bronco,https://ocs.ca/products/blueberry-bronco-92-510-thread-cartridge-wild-west-blueberry-bronco
Wild West,96+ Cherry Chaps Liquid Diamonds 510 Thread Cartridge,Live Cartridges,Butane,Fresh Frozen,36.00,0.95g,97.000000,100.000000,2.000000,Sativa Dominant,Limonene,CannaPiece Corp.,Ontario,in-store,Wholesale Only,False,96-cherry-chaps-liquid-diamonds-510-thread-cartridge-wild-west,https://ocs.ca/products/96-cherry-chaps-liquid-diamonds-510-thread-cartridge-wild-west
Wild West,96+ Naked Cowboy Liquid Diamonds 510,Distillate Cartridges,Ethanol,Fresh Frozen,36.00,0.95g,97.000000,100.000000,2.000000,Sativa Dominant,,CannaPiece Corp.,Ontario,online,Shared,True,naked-cowboy-92-510-thread-cartridge-wild-west,https://ocs.ca/products/naked-cowboy-92-510-thread-cartridge-wild-west
Wild West,96+ Peach Pony Liquid Diamonds 510 Thread Cartridge,Resin Cartridges,Butane,Fresh Frozen,36.00,0.95g,97.000000,100.000000,2.000000,Hybrid,Beta-Caryophyllene,CannaPiece Corp.,Ontario,online,Shared,True,95-peach-pony-liquid-diamonds-510-thread-cartridge-wild-west,https://ocs.ca/products/95-peach-pony-liquid-diamonds-510-thread-cartridge-wild-west
Wild West,96+ Saskatoon Berry Liquid Diamonds 510,Live Cartridges,Butane,Fresh Frozen,36.00,0.95g,97.000000,100.000000,2.000000,Indica Dominant,Beta-Caryophyllene,CannaPiece Corp.,Ontario,online,Shared,True,95-saskatoon-berry-liquid-diamonds-510-wild-west-saskatoon-berry,https://ocs.ca/products/95-saskatoon-berry-liquid-diamonds-510-wild-west-saskatoon-berry
Wild West,96+ Strawberry Stampede Liquid Diamonds 510,Distillate Cartridges,Ethanol,Fresh Frozen,36.00,0.95g,97.000000,100.000000,2.000000,Sativa Dominant,Beta-Caryophyllene,CannaPiece Corp.,Ontario,in-store,Wholesale Only,False,95-strawberry-stampede-liquid-diamonds-510-wild-west-strawberry-stampede,https://ocs.ca/products/95-strawberry-stampede-liquid-diamonds-510-wild-west-strawberry-stampede
Woody Nelson,Country Club Vape,Resin Cartridges,Butane,Hang Dry,47.15,1g,82.000000,88.000000,5.000000,Hybrid,,WOODY NELSON INC,British Columbia,in-store,Wholesale Only,False,country-club-vape-woody-nelson,https://ocs.ca/products/country-club-vape-woody-nelson
Woody Nelson,Rainbow Driver Vape 510 Thread Cartridge,Resin Cartridges,Butane,Hang Dry,51.05,1g,84.000000,90.000000,2.000000,Hybrid,Beta-Caryophyllene,WOODY NELSON INC,British Columbia,in-store,Wholesale Only,False,rainbow-driver-510-thread-cartridge-woody-nelson-rainbow-driver,https://ocs.ca/products/rainbow-driver-510-thread-cartridge-woody-nelson-rainbow-driver
Woody Nelson,[Rotating] Vape 510 Thread Cartridge,Resin Cartridges,Butane,Hang Dry,51.05,1g,75.000000,81.000000,2.000000,Hybrid,Terpenes May Vary,WOODY NELSON INC,British Columbia,in-store,Wholesale Only,False,rotating-vape-510-thread-cartridge-woody-nelson,https://ocs.ca/products/rotating-vape-510-thread-cartridge-woody-nelson
Woody Nelson Country Club,[Rotating] 1:1 Vape 510 Thread Cartridge,Resin Cartridges,Butane,Hang Dry,42.70,1g,40.000000,46.000000,46.000000,Hybrid,Terpenes May Vary,WOODY NELSON INC,British Columbia,in-store,Wholesale Only,False,rotating-1-1-vape-510-thread-cartridge-woody-nelson-country-club,https://ocs.ca/products/rotating-1-1-vape-510-thread-cartridge-woody-nelson-country-club
Zest Cannabis,Cherry Blast Shatter & Liquid Diamond 510 Thread Cartridge,Distillate Cartridges,Butane,Rack and Tray,35.95,1g,87.000000,93.000000,6.000000,Hybrid,Limonene,ANC INC,British Columbia,in-store,Wholesale Only,False,cherry-blast-shatter-liquid-diamond-510-thread-cartridge-zest-cannabis-cherry-pie,https://ocs.ca/products/cherry-blast-shatter-liquid-diamond-510-thread-cartridge-zest-cannabis-cherry-pie
Zyre,Recline 1.0 - Blueberry Flavoured Cured Resin 510 Cartridge,Resin Cartridges,Hydrocarbon,Hang Dry,43.20,1g,79.000000,85.000000,5.000000,Indica Dominant,Caryophyllene,ADASTRA LABS INC.,British Columbia,in-store,Wholesale Only,False,recline-1-0-blueberry-pie-flavoured-cured-resin-510-thread-zyre-brands-co-royal-kush,https://ocs.ca/products/recline-1-0-blueberry-pie-flavoured-cured-resin-510-thread-zyre-brands-co-royal-kush
Zyre,Spotlight 1.0-Wild Strawberry Cured Resin 510 Thread,Resin Cartridges,Hydrocarbon,,43.20,1g,78.000000,85.000000,0.500000,Hybrid,Beta-Caryophyllene,CANWE GROWERS INC.,British Columbia,in-store,Wholesale Only,False,spotlight-1-0-wild-strawberry-cured-resin-510-thread-zyre-blue-dream,https://ocs.ca/products/spotlight-1-0-wild-strawberry-cured-resin-510-thread-zyre-blue-dream
